AP,x_coordinate(m),y_coordinate(m),floor
Bldg1AP1,21534,32313,2
Bldg1AP2,21534,32313,2
Bldg1AP3,21534,32313,3
Bldg1AP4,21534,32313,3
Bldg1AP5,21534,32313,4
Bldg1AP6,21534,32313,4
Bldg1AP7,21534,32313,5
Bldg1AP8,21534,32313,2
Bldg1AP9,21534,32313,3
Bldg1AP10,21534,32313,3
Bldg1AP11,21534,32313,5
Bldg1AP12,21534,32313,5
Bldg1AP13,21534,32313,1
Bldg1AP14,21534,32313,2
Bldg1AP15,21534,32313,3
Bldg1AP16,21534,32313,3
Bldg1AP17,21534,32313,4
Bldg1AP18,21534,32313,4
Bldg1AP19,21534,32313,5
Bldg1AP20,21534,32313,NA
Bldg1AP21,21534,32313,2
Bldg1AP22,21534,32313,2
Bldg1AP23,21534,32313,3
Bldg1AP24,21534,32313,4
Bldg1AP25,21534,32313,4
Bldg1AP26,21534,32313,4
Bldg1AP27,21534,32313,1
Bldg1AP28,21534,32313,5
Bldg1AP29,21534,32313,5
Bldg1AP30,21534,32313,5
Bldg2AP1,21702,32607,2
Bldg2AP2,21702,32607,1
Bldg2AP3,21702,32607,1
Bldg2AP4,21702,32607,4
Bldg2AP5,21702,32607,4
Bldg2AP6,21702,32607,2
Bldg2AP7,21702,32607,2
Bldg2AP8,21702,32607,2
Bldg2AP9,21702,32607,2
Bldg2AP10,21702,32607,3
Bldg2AP11,21702,32607,3
Bldg2AP12,21702,32607,3
Bldg2AP13,21702,32607,4
Bldg2AP14,21702,32607,4
Bldg2AP15,21702,32607,4
Bldg2AP16,21702,32607,4
Bldg2AP17,21702,32607,5
Bldg2AP18,21702,32607,5
Bldg2AP19,21702,32607,5
Bldg2AP20,21702,32607,5
Bldg2AP21,21702,32607,5
Bldg3AP1,21804,32683,3
Bldg3AP2,21804,32683,3
Bldg3AP3,21804,32683,3
Bldg3AP4,21804,32683,3
Bldg3AP5,21804,32683,3
Bldg3AP6,21804,32683,3
Bldg3AP7,21804,32683,3
Bldg3AP8,21804,32683,3
Bldg3AP9,21804,32683,3
Bldg3AP10,21804,32683,3
Bldg3AP11,21728,32711,3
Bldg3AP12,21728,32711,3
Bldg3AP13,21728,32711,3
Bldg3AP14,21804,32683,3
Bldg3AP15,21728,32711,5
Bldg3AP16,21728,32711,5
Bldg3AP17,21728,32711,5
Bldg3AP18,21728,32711,5
Bldg3AP19,21804,32683,6
Bldg3AP20,21804,32683,6
Bldg3AP21,21804,32683,6
Bldg3AP22,21804,32683,4
Bldg3AP23,21844,32793,4
Bldg3AP24,21728,32711,2
Bldg3AP25,21728,32711,2
Bldg3AP26,21728,32711,2
Bldg3AP27,21728,32711,3
Bldg3AP28,21844,32793,NA
Bldg3AP29,21728,32711,4
Bldg3AP30,21728,32711,4
Bldg3AP31,21728,32711,2
Bldg3AP32,21728,32711,3
Bldg3AP33,21728,32711,4
Bldg3AP34,21728,32711,4
Bldg3AP35,21728,32711,4
Bldg3AP36,21728,32711,4
Bldg3AP37,21728,32711,4
Bldg3AP38,21728,32711,5
Bldg3AP39,21728,32711,5
Bldg3AP40,21728,32711,5
Bldg3AP41,21728,32711,5
Bldg3AP42,21728,32711,6
Bldg3AP43,21728,32711,6
Bldg3AP44,21728,32711,6
Bldg3AP45,21728,32711,6
Bldg3AP46,21728,32711,6
Bldg3AP47,21779,32818,4
Bldg3AP48,21779,32818,5
Bldg3AP49,21779,32818,5
Bldg3AP50,21779,32818,6
Bldg3AP51,21779,32818,6
Bldg3AP52,21779,32818,7
Bldg3AP53,21779,32818,7
Bldg3AP54,21779,32818,7
Bldg3AP55,21779,32818,8
Bldg3AP56,21844,32793,4
Bldg3AP57,21844,32793,4
Bldg3AP58,21844,32793,5
Bldg3AP59,21844,32793,5
Bldg3AP60,21844,32793,5
Bldg3AP61,21844,32793,5
Bldg3AP62,21844,32793,5
Bldg3AP63,21844,32793,6
Bldg3AP64,21844,32793,6
Bldg3AP65,21844,32793,6
Bldg3AP66,21844,32793,6
Bldg3AP67,21844,32793,6
Bldg3AP68,21844,32793,7
Bldg3AP69,21844,32793,7
Bldg3AP70,21844,32793,7
Bldg3AP71,21804,32683,4
Bldg3AP72,21804,32683,4
Bldg3AP73,21804,32683,4
Bldg3AP74,21804,32683,4
Bldg3AP75,21804,32683,4
Bldg3AP76,21804,32683,4
Bldg3AP77,21804,32683,5
Bldg3AP78,21804,32683,5
Bldg3AP79,21804,32683,5
Bldg3AP80,21804,32683,5
Bldg3AP81,21804,32683,5
Bldg3AP82,21804,32683,5
Bldg3AP83,21804,32683,6
Bldg3AP84,21804,32683,6
Bldg3AP85,21804,32683,6
Bldg3AP86,21804,32683,6
Bldg3AP87,21804,32683,6
Bldg3AP88,21804,32683,6
Bldg3AP89,21804,32683,4
Bldg3AP90,21804,32683,7
Bldg3AP91,21728,32711,3
Bldg3AP92,21728,32711,3
Bldg3AP93,21728,32711,3
Bldg3AP94,21728,32711,3
Bldg3AP95,21728,32711,3
Bldg3AP96,21728,32711,3
Bldg3AP97,21748,32768,3
Bldg3AP98,21748,32768,3
Bldg3AP99,21728,32711,3
Bldg3AP100,21728,32711,3
Bldg3AP101,21728,32711,4
Bldg3AP102,21728,32711,4
Bldg3AP103,21728,32711,5
Bldg3AP104,21728,32711,5
Bldg3AP105,21728,32711,5
Bldg3AP106,21728,32711,5
Bldg3AP107,21728,32711,5
Bldg3AP108,21728,32711,5
Bldg3AP109,21728,32711,5
Bldg3AP110,21748,32768,5
Bldg3AP111,21728,32711,6
Bldg3AP112,21728,32711,6
Bldg3AP113,21779,32818,4
Bldg3AP114,21779,32818,5
Bldg3AP115,21779,32818,5
Bldg3AP116,21779,32818,6
Bldg3AP117,21844,32793,4
Bldg3AP118,21844,32793,4
Bldg3AP119,21844,32793,9
Bldg3AP120,21804,32683,3
Bldg3AP121,21804,32683,3
Bldg3AP122,21804,32683,3
Bldg3AP123,21804,32683,3
Bldg3AP124,21804,32683,4
Bldg3AP125,21804,32683,4
Bldg3AP126,21804,32683,4
Bldg3AP127,21804,32683,4
Bldg3AP128,21836,32737,4
Bldg3AP129,21804,32683,5
Bldg3AP130,21804,32683,5
Bldg3AP131,21804,32683,5
Bldg3AP132,21804,32683,5
Bldg3AP133,21804,32683,5
Bldg3AP134,21836,32737,5
Bldg3AP135,21804,32683,6
Bldg3AP136,21804,32683,NA
Bldg3AP137,21804,32683,NA
Bldg3AP138,21804,32683,NA
Bldg4AP1,21613,32759,NA
Bldg4AP2,21613,32759,NA
Bldg4AP3,21613,32759,NA
Bldg4AP4,21613,32759,NA
Bldg4AP5,21613,32759,NA
Bldg4AP6,21613,32759,NA
Bldg4AP7,21613,32759,3
Bldg4AP8,21613,32759,2
Bldg4AP9,21613,32759,2
Bldg4AP10,21613,32759,2
Bldg4AP11,21613,32759,0
Bldg4AP12,21613,32759,0
Bldg4AP13,21613,32759,1
Bldg4AP14,21613,32759,1
Bldg4AP15,21613,32759,1
Bldg4AP16,21613,32759,1
Bldg4AP17,21613,32759,1
Bldg4AP18,21613,32759,1
Bldg4AP19,21613,32759,2
Bldg4AP20,21613,32759,2
Bldg4AP21,21613,32759,2
Bldg4AP22,21613,32759,2
Bldg4AP23,21613,32759,2
Bldg4AP24,21613,32759,2
Bldg4AP25,21613,32759,3
Bldg4AP26,21613,32759,3
Bldg4AP27,21613,32759,3
Bldg4AP28,21613,32759,3
Bldg4AP29,21613,32759,NA
Bldg4AP30,21613,32759,3
Bldg4AP31,21613,32759,1
Bldg4AP32,21613,32759,1
Bldg4AP33,21613,32759,1
Bldg4AP34,21613,32759,NA
Bldg5AP1,21620,32840,1
Bldg6AP1,21742,32802,2
Bldg6AP2,21742,32802,3
Bldg6AP3,21742,32802,2
Bldg6AP4,21742,32802,2
Bldg6AP5,21742,32802,3
Bldg6AP6,21742,32802,1
Bldg6AP7,21742,32802,1
Bldg6AP8,21742,32802,2
Bldg6AP9,21742,32802,2
Bldg6AP10,21742,32802,2
Bldg6AP11,21742,32802,2
Bldg6AP12,21742,32802,3
Bldg6AP13,21742,32802,3
Bldg6AP14,21742,32802,4
Bldg6AP15,21742,32802,2
Bldg6AP16,21742,32802,3
Bldg6AP17,21742,32802,5
Bldg6AP18,21742,32802,3
Bldg6AP19,21742,32802,5
Bldg6AP20,21742,32802,2
Bldg6AP21,21742,32802,2
Bldg6AP22,21742,32802,3
Bldg6AP23,21742,32802,3
Bldg6AP24,21742,32802,3
Bldg6AP25,21742,32802,3
Bldg6AP26,21742,32802,4
Bldg6AP27,21742,32802,2
Bldg6AP28,21742,32802,2
Bldg6AP29,21742,32802,2
Bldg6AP30,21742,32802,2
Bldg6AP31,21742,32802,4
Bldg6AP32,21742,32802,2
Bldg6AP33,21742,32802,2
Bldg6AP34,21742,32802,3
Bldg6AP35,21742,32802,3
Bldg6AP36,21742,32802,3
Bldg6AP37,21742,32802,2
Bldg6AP38,21742,32802,4
Bldg6AP39,21742,32802,4
Bldg7AP1,21504,32831,0
Bldg8AP1,21824,32886,2
Bldg8AP2,21824,32886,2
Bldg8AP3,21824,32886,2
Bldg8AP4,21824,32886,2
Bldg8AP5,21824,32886,2
Bldg8AP6,21824,32886,2
Bldg8AP7,21804,32861,1
Bldg8AP8,21804,32861,1
Bldg8AP9,21804,32861,1
Bldg8AP10,21804,32861,4
Bldg8AP11,21804,32861,4
Bldg8AP12,21804,32861,6
Bldg8AP13,21804,32861,6
Bldg8AP14,21804,32861,6
Bldg8AP15,21804,32861,6
Bldg8AP16,21804,32861,6
Bldg8AP17,21804,32861,6
Bldg8AP18,21804,32861,NA
Bldg8AP19,21804,32861,2
Bldg8AP20,21804,32861,3
Bldg8AP21,21804,32861,3
Bldg8AP22,21804,32861,4
Bldg8AP23,21804,32861,5
Bldg8AP24,21804,32861,5
Bldg9AP1,21851,32856,2
Bldg9AP2,21851,32856,2
Bldg9AP3,21851,32856,2
Bldg9AP4,21851,32856,4
Bldg9AP5,21851,32856,4
Bldg9AP6,21851,32856,4
Bldg9AP7,21851,32856,4
Bldg9AP8,21851,32856,4
Bldg9AP9,21851,32856,5
Bldg9AP10,21851,32856,5
Bldg9AP11,21851,32856,5
Bldg9AP12,21851,32856,5
Bldg9AP13,21851,32856,1
Bldg9AP14,21851,32856,1
Bldg9AP15,21851,32856,1
Bldg9AP16,21851,32856,4
Bldg9AP17,21851,32856,5
Bldg9AP18,21851,32856,5
Bldg10AP1,21736,32907,1
Bldg10AP2,21736,32907,2
Bldg10AP3,21736,32907,2
Bldg10AP4,21736,32907,3
Bldg10AP5,21736,32907,3
Bldg10AP6,21736,32907,4
Bldg10AP7,21736,32907,4
Bldg10AP8,21736,32907,1
Bldg11AP1,21663,33167,4
Bldg11AP2,21663,33167,4
Bldg11AP3,21663,33167,3
Bldg11AP4,21663,33167,4
Bldg11AP5,21663,33167,4
Bldg11AP6,21663,33167,4
Bldg11AP7,21663,33167,5
Bldg11AP8,21663,33167,5
Bldg11AP9,21663,33167,3
Bldg11AP10,21663,33167,2
Bldg11AP11,21663,33167,2
Bldg11AP12,21663,33167,1
Bldg11AP13,21663,33167,4
Bldg11AP14,21663,33167,3
Bldg11AP15,21663,33167,3
Bldg11AP16,21663,33167,4
Bldg11AP17,21663,33167,5
Bldg11AP18,21663,33167,5
Bldg11AP19,21663,33167,4
Bldg11AP20,21663,33167,5
Bldg11AP21,21663,33167,5
Bldg11AP22,21663,33167,2
Bldg11AP23,21663,33167,3
Bldg11AP24,21663,33167,3
Bldg11AP25,21663,33167,1
Bldg11AP26,21663,33167,2
Bldg11AP27,21663,33167,4
Bldg11AP28,21663,33167,3
Bldg11AP29,21663,33167,4
Bldg11AP30,21663,33167,5
Bldg11AP31,21663,33167,4
Bldg11AP32,21663,33167,4
Bldg11AP33,21663,33167,4
Bldg11AP34,21663,33167,4
Bldg11AP35,21663,33167,4
Bldg11AP36,21663,33167,5
Bldg11AP37,21663,33167,5
Bldg11AP38,21663,33167,1
Bldg11AP39,21663,33167,5
Bldg11AP40,21663,33167,5
Bldg11AP41,21663,33167,2
Bldg11AP42,21663,33167,3
Bldg11AP43,21663,33167,4
Bldg11AP44,21663,33167,4
Bldg11AP45,21663,33167,5
Bldg11AP46,21663,33167,5
Bldg11AP47,21663,33167,5
Bldg11AP48,21663,33167,3
Bldg11AP49,21663,33167,5
Bldg11AP50,21663,33167,1
Bldg11AP51,21663,33167,NA
Bldg12AP1,21598,33117,NA
Bldg12AP2,21598,33117,NA
Bldg12AP3,21598,33117,NA
Bldg12AP4,21598,33117,NA
Bldg13AP1,21486,32863,NA
Bldg14AP1,21675,32938,0
Bldg14AP2,21692,32884,0
Bldg14AP3,21692,32884,1
Bldg14AP4,21692,32884,1
Bldg14AP5,21692,32884,0
Bldg14AP6,21692,32884,1
Bldg14AP7,21675,32938,1
Bldg14AP8,21675,32938,1
Bldg14AP9,21675,32938,0
Bldg14AP10,21675,32938,1
Bldg14AP11,21692,32884,0
Bldg14AP12,21692,32884,0
Bldg14AP13,21692,32884,0
Bldg14AP14,21692,32884,1
Bldg14AP15,21692,32884,1
Bldg14AP16,21692,32884,1
Bldg14AP17,21675,32938,1
Bldg14AP18,21675,32938,1
Bldg14AP19,21692,32884,2
Bldg14AP20,21692,32884,2
Bldg14AP21,21675,32938,2
Bldg14AP22,21675,32938,2
Bldg14AP23,21675,32938,2
Bldg14AP24,21692,32884,3
Bldg14AP25,21692,32884,3
Bldg14AP26,21692,32884,3
Bldg14AP27,21675,32938,3
Bldg14AP28,21692,32884,4
Bldg14AP29,21692,32884,4
Bldg14AP30,21692,32884,5
Bldg14AP31,21692,32884,5
Bldg14AP32,21675,32938,0
Bldg14AP33,21675,32938,0
Bldg14AP34,21692,32884,0
Bldg14AP35,21692,32884,0
Bldg14AP36,21692,32884,0
Bldg14AP37,21692,32884,0
Bldg14AP38,21692,32884,-1
Bldg14AP39,21675,32938,0
Bldg14AP40,21675,32938,-1
Bldg14AP41,21692,32884,0
Bldg14AP42,21675,32938,0
Bldg14AP43,21675,32938,3
Bldg15AP1,21824,32935,3
Bldg15AP2,21824,32935,4
Bldg15AP3,21824,32935,6
Bldg15AP4,21824,32935,5
Bldg15AP5,21824,32935,3
Bldg15AP6,21824,32935,3
Bldg15AP7,21824,32935,5
Bldg15AP8,21824,32935,5
Bldg15AP9,21824,32935,5
Bldg15AP10,21824,32935,5
Bldg15AP11,21824,32935,5
Bldg15AP12,21824,32935,5
Bldg15AP13,21824,32935,5
Bldg15AP14,21824,32935,5
Bldg15AP15,21824,32935,5
Bldg15AP16,21824,32935,5
Bldg15AP17,21824,32935,5
Bldg15AP18,21824,32935,5
Bldg15AP19,21824,32935,6
Bldg15AP20,21824,32935,7
Bldg15AP21,21824,32935,3
Bldg16AP1,21763,32993,5
Bldg16AP2,21705,32988,5
Bldg16AP3,21763,32993,2
Bldg16AP4,21763,32993,3
Bldg16AP5,21763,32993,3
Bldg16AP6,21763,32993,3
Bldg16AP7,21763,32993,5
Bldg16AP8,21763,32993,3
Bldg16AP9,21763,32993,3
Bldg16AP10,21763,32993,4
Bldg16AP11,21763,32993,4
Bldg16AP12,21740,33078,2
Bldg16AP13,21740,33078,3
Bldg16AP14,21740,33078,3
Bldg16AP15,21740,33078,4
Bldg16AP16,21740,33078,4
Bldg16AP17,21705,32988,4
Bldg16AP18,21705,32988,5
Bldg16AP19,21705,32988,5
Bldg16AP20,21705,32988,2
Bldg16AP21,21705,32988,2
Bldg16AP22,21705,32988,3
Bldg16AP23,21705,32988,4
Bldg16AP24,21763,32993,1
Bldg16AP25,21763,32993,3
Bldg16AP26,21763,32993,3
Bldg16AP27,21763,32993,4
Bldg16AP28,21763,32993,5
Bldg16AP29,21763,32993,2
Bldg16AP30,21763,32993,2
Bldg16AP31,21763,32993,4
Bldg16AP32,21740,33078,2
Bldg16AP33,21740,33078,5
Bldg16AP34,21705,32988,3
Bldg16AP35,21705,32988,NA
Bldg16AP36,21763,32993,NA
Bldg16AP37,21705,32988,NA
Bldg17AP1,21814,32985,6
Bldg17AP2,21814,32985,2
Bldg17AP3,21814,32985,2
Bldg17AP4,21814,32985,3
Bldg17AP5,21814,32985,3
Bldg17AP6,21814,32985,3
Bldg17AP7,21814,32985,4
Bldg17AP8,21814,32985,4
Bldg17AP9,21814,32985,4
Bldg17AP10,21814,32985,4
Bldg17AP11,21814,32985,4
Bldg17AP12,21814,32985,5
Bldg17AP13,21814,32985,5
Bldg17AP14,21814,32985,6
Bldg17AP15,21814,32985,6
Bldg18AP1,21799,33017,3
Bldg18AP2,21799,33017,3
Bldg18AP3,21799,33017,3
Bldg18AP4,21799,33017,3
Bldg18AP5,21799,33017,4
Bldg18AP6,21799,33017,4
Bldg18AP7,21799,33017,5
Bldg18AP8,21799,33017,5
Bldg18AP9,21799,33017,5
Bldg18AP10,21799,33017,6
Bldg18AP11,21799,33017,6
Bldg18AP12,21799,33017,6
Bldg19AP1,21838,33058,3
Bldg19AP2,21838,33058,2
Bldg19AP3,21838,33058,3
Bldg19AP4,21838,33058,3
Bldg19AP5,21838,33058,3
Bldg19AP6,21838,33058,5
Bldg19AP7,21838,33058,5
Bldg19AP8,21838,33058,5
Bldg19AP9,21838,33058,2
Bldg19AP10,21838,33058,2
Bldg19AP11,21838,33058,2
Bldg19AP12,21838,33058,2
Bldg19AP13,21838,33058,2
Bldg19AP14,21838,33058,2
Bldg19AP15,21838,33058,2
Bldg19AP16,21838,33058,4
Bldg19AP17,21838,33058,4
Bldg19AP18,21838,33058,4
Bldg19AP19,21838,33058,5
Bldg19AP20,21838,33058,2
Bldg20AP1,21510,33050,3
Bldg20AP2,21510,33050,2
Bldg20AP3,21510,33050,2
Bldg20AP4,21510,33050,2
Bldg20AP5,21510,33050,3
Bldg20AP6,21510,33050,3
Bldg20AP7,21510,33050,3
Bldg20AP8,21510,33050,3
Bldg20AP9,21510,33050,3
Bldg20AP10,21510,33050,3
Bldg20AP11,21510,33050,4
Bldg20AP12,21510,33050,4
Bldg20AP13,21510,33050,4
Bldg20AP14,21510,33050,5
Bldg20AP15,21510,33050,5
Bldg20AP16,21510,33050,5
Bldg20AP17,21510,33050,5
Bldg20AP18,21510,33050,6
Bldg20AP19,21510,33050,6
Bldg20AP20,21510,33050,6
Bldg20AP21,21510,33050,2
Bldg20AP22,21510,33050,2
Bldg20AP23,21510,33050,2
Bldg20AP24,21510,33050,2
Bldg20AP25,21510,33050,2
Bldg20AP26,21510,33050,2
Bldg20AP27,21510,33050,3
Bldg20AP28,21510,33050,3
Bldg20AP29,21510,33050,4
Bldg20AP30,21510,33050,4
Bldg20AP31,21510,33050,4
Bldg20AP32,21510,33050,4
Bldg20AP33,21510,33050,5
Bldg20AP34,21510,33050,5
Bldg20AP35,21510,33050,5
Bldg20AP36,21510,33050,7
Bldg21AP1,20908,33302,
Bldg21AP2,20908,33302,2
Bldg21AP3,20908,33302,2
Bldg21AP4,20908,33302,3
Bldg21AP5,20908,33302,3
Bldg21AP6,20908,33302,4
Bldg21AP7,20908,33302,4
Bldg21AP8,20908,33302,4
Bldg22AP1,21740,32857,2
Bldg22AP2,21740,32857,3
Bldg22AP3,21740,32857,3
Bldg22AP4,21740,32857,3
Bldg22AP5,21740,32857,3
Bldg22AP6,21740,32857,3
Bldg22AP7,21740,32857,3
Bldg22AP8,21740,32857,2
Bldg22AP9,21740,32857,3
Bldg22AP10,21740,32857,4
Bldg22AP11,21740,32857,4
Bldg22AP12,21740,32857,5
Bldg22AP13,21740,32857,5
Bldg22AP14,21740,32857,6
Bldg22AP15,21740,32857,6
Bldg22AP16,21740,32857,7
Bldg22AP17,21740,32857,7
Bldg22AP18,21740,32857,7
Bldg22AP19,21740,32857,3
Bldg22AP20,21740,32857,3
Bldg22AP21,21740,32857,4
Bldg22AP22,21740,32857,4
Bldg22AP23,21740,32857,5
Bldg22AP24,21740,32857,6
Bldg23AP1,21606,33017,2
Bldg23AP2,21606,33017,5
Bldg23AP3,21606,33017,10
Bldg23AP4,21606,33017,11
Bldg23AP5,21606,33017,3
Bldg23AP6,21606,33017,3
Bldg23AP7,21606,33017,4
Bldg23AP8,21606,33017,4
Bldg23AP9,21606,33017,4
Bldg23AP10,21606,33017,5
Bldg23AP11,21606,33017,5
Bldg23AP12,21606,33017,6
Bldg23AP13,21606,33017,6
Bldg23AP14,21606,33017,7
Bldg23AP15,21606,33017,8
Bldg23AP16,21606,33017,8
Bldg23AP17,21606,33017,9
Bldg23AP18,21606,33017,NA
Bldg23AP19,21606,33017,10
Bldg23AP20,21606,33017,10
Bldg23AP21,21606,33017,11
Bldg23AP22,21606,33017,11
Bldg23AP23,21606,33017,2
Bldg23AP24,21606,33017,2
Bldg23AP25,21606,33017,2
Bldg23AP26,21606,33017,3
Bldg23AP27,21606,33017,3
Bldg23AP28,21606,33017,4
Bldg23AP29,21606,33017,4
Bldg23AP30,21606,33017,4
Bldg23AP31,21606,33017,4
Bldg23AP32,21606,33017,4
Bldg23AP33,21606,33017,5
Bldg23AP34,21606,33017,5
Bldg23AP35,21606,33017,5
Bldg23AP36,21606,33017,5
Bldg23AP37,21606,33017,6
Bldg23AP38,21606,33017,6
Bldg23AP39,21606,33017,6
Bldg23AP40,21606,33017,7
Bldg23AP41,21606,33017,7
Bldg23AP42,21606,33017,8
Bldg23AP43,21606,33017,8
Bldg23AP44,21606,33017,9
Bldg23AP45,21606,33017,9
Bldg23AP46,21606,33017,9
Bldg24AP1,20908,33337,2
Bldg24AP2,20908,33337,2
Bldg24AP3,20908,33337,3
Bldg24AP4,20908,33337,2
Bldg24AP5,20908,33337,3
Bldg24AP6,20908,33337,3
Bldg25AP1,21408,33024,2
Bldg25AP2,21408,33024,2
Bldg25AP3,21408,33024,2
Bldg25AP4,21408,33024,3
Bldg25AP5,21408,33024,3
Bldg25AP6,21408,33024,4
Bldg25AP7,21408,33024,4
Bldg25AP8,21408,33024,6
Bldg25AP9,21408,33024,7
Bldg25AP10,21408,33024,2
Bldg25AP11,21408,33024,2
Bldg25AP12,21408,33024,2
Bldg25AP13,21408,33024,3
Bldg25AP14,21408,33024,3
Bldg25AP15,21408,33024,5
Bldg25AP16,21408,33024,7
Bldg25AP17,21408,33024,7
Bldg25AP18,21408,33024,2
Bldg25AP19,21408,33024,3
Bldg25AP20,21408,33024,5
Bldg25AP21,21408,33024,7
Bldg25AP22,21408,33024,8
Bldg25AP23,21408,33024,4
Bldg25AP24,21408,33024,NA
Bldg26AP1,21399,33054,5
Bldg26AP2,21399,33054,4
Bldg26AP3,21399,33054,2
Bldg26AP4,21399,33054,3
Bldg26AP5,21399,33054,3
Bldg26AP6,21399,33054,3
Bldg26AP7,21399,33054,3
Bldg26AP8,21399,33054,3
Bldg26AP9,21399,33054,4
Bldg26AP10,21399,33054,5
Bldg26AP11,21399,33054,6
Bldg26AP12,21399,33054,7
Bldg26AP13,21399,33054,6
Bldg26AP14,21399,33054,4
Bldg26AP15,21399,33054,2
Bldg26AP16,21399,33054,2
Bldg26AP17,21399,33054,2
Bldg26AP18,21399,33054,3
Bldg26AP19,21399,33054,3
Bldg26AP20,21399,33054,3
Bldg26AP21,21399,33054,5
Bldg26AP22,21399,33054,6
Bldg26AP23,21399,33054,1
Bldg26AP24,21399,33054,1
Bldg26AP25,21399,33054,2
Bldg26AP26,21399,33054,2
Bldg26AP27,21399,33054,2
Bldg26AP28,21399,33054,3
Bldg26AP29,21399,33054,3
Bldg26AP30,21399,33054,2
Bldg26AP31,21399,33054,NA
Bldg26AP32,21399,33054,NA
Bldg26AP33,21399,33054,NA
Bldg26AP34,21399,33054,NA
Bldg27AP1,21419,33059,4
Bldg27AP2,21419,33059,4
Bldg28AP1,21479,33032,2
Bldg28AP2,21479,33032,2
Bldg28AP3,21479,33032,4
Bldg28AP4,21479,33032,5
Bldg28AP5,21479,33032,4
Bldg28AP6,21479,33032,5
Bldg29AP1,21462,33057,3
Bldg29AP2,21462,33057,3
Bldg29AP3,21462,33057,6
Bldg30AP1,21436,33105,1
Bldg30AP2,21436,33105,2
Bldg30AP3,21436,33105,2
Bldg30_tmp_AP1,21436,33105,NA
Bldg30_tmp_AP2,21436,33105,NA
Bldg30_tmp_AP3,21436,33105,NA
Bldg30_tmp_AP4,21436,33105,NA
Bldg31AP1,21412,33204,2
Bldg31AP2,21412,33204,1
Bldg31AP3,21412,33204,1
Bldg31AP4,21412,33204,1
Bldg31AP5,21412,33204,2
Bldg31AP6,21412,33204,2
Bldg31AP7,21412,33204,3
Bldg31AP8,21412,33204,0
Bldg31AP9,21412,33204,2
Bldg31AP10,21412,33204,2
Bldg31AP11,21412,33204,2
Bldg31AP12,21412,33204,2
Bldg31AP13,21412,33204,2
Bldg31AP14,21412,33204,2
Bldg31AP15,21412,33204,3
Bldg31AP16,21412,33204,3
Bldg31AP17,21412,33204,3
Bldg31AP18,21412,33204,3
Bldg31AP19,21412,33204,3
Bldg31AP20,21412,33204,3
Bldg31AP21,21412,33204,3
Bldg31AP22,21412,33204,3
Bldg31AP23,21412,33204,3
Bldg31AP24,21412,33204,3
Bldg31AP25,21412,33204,4
Bldg31AP26,21412,33204,4
Bldg31AP27,21412,33204,4
Bldg31AP28,21412,33204,4
Bldg31AP29,21412,33204,4
Bldg31AP30,21412,33204,4
Bldg31AP31,21412,33204,4
Bldg31AP32,21412,33204,4
Bldg31AP33,21412,33204,4
Bldg31AP34,21412,33204,NA
Bldg31AP35,21412,33204,1
Bldg31AP36,21412,33204,NA
Bldg32AP1,21455,33152,NA
Bldg32AP2,21455,33152,NA
Bldg33AP1,21505,33247,0
Bldg33AP2,21505,33247,0
Bldg33AP3,21505,33247,0
Bldg33AP4,21505,33247,0
Bldg33AP5,21505,33247,0
Bldg34AP1,21579,33200,NA
Bldg34AP2,21579,33200,4
Bldg34AP3,21579,33200,3
Bldg34AP4,21579,33200,1
Bldg34AP5,21579,33200,1
Bldg34AP6,21579,33200,1
Bldg34AP7,21579,33200,3
Bldg34AP8,21579,33200,3
Bldg34AP9,21579,33200,4
Bldg34AP10,21579,33200,4
Bldg34AP11,21579,33200,4
Bldg34AP12,21579,33200,2
Bldg34AP13,21579,33200,3
Bldg35AP1,21480,33215,1
Bldg35AP2,21480,33215,1
Bldg35AP3,21480,33215,0
Bldg35AP4,21480,33215,2
Bldg35AP5,21480,33215,1
Bldg35AP6,21480,33215,0
Bldg35AP7,21480,33215,0
Bldg35AP8,21480,33215,2
Bldg35AP9,21480,33215,2
Bldg35AP10,21480,33215,3
Bldg35AP11,21480,33215,3
Bldg35AP12,21480,33215,3
Bldg35AP13,21480,33215,4
Bldg35AP14,21480,33215,4
Bldg35AP15,21480,33215,4
Bldg35AP16,21480,33215,1
Bldg35AP17,21480,33215,2
Bldg35AP18,21480,33215,2
Bldg35AP19,21480,33215,2
Bldg35AP20,21480,33215,3
Bldg35AP21,21480,33215,3
Bldg35AP22,21480,33215,3
Bldg35AP23,21480,33215,3
Bldg35AP24,21480,33215,3
Bldg35AP25,21480,33215,3
Bldg35AP26,21480,33215,0
Bldg35AP27,21480,33215,0
Bldg35AP28,21480,33215,1
Bldg35AP29,21480,33215,1
Bldg35AP30,21480,33215,1
Bldg35AP31,21480,33215,1
Bldg35AP32,21480,33215,1
Bldg35AP33,21480,33215,1
Bldg35AP34,21480,33215,1
Bldg35AP35,21480,33215,1
Bldg35AP36,21480,33215,0
Bldg35AP37,21480,33215,0
Bldg35AP38,21480,33215,0
Bldg35AP39,21480,33215,1
Bldg35AP40,21480,33215,1
Bldg36AP1,21366,33402,2
Bldg36AP2,21366,33402,2
Bldg36AP3,21366,33402,4
Bldg36AP4,21366,33402,4
Bldg36AP5,21366,33402,5
Bldg36AP6,21366,33402,4
Bldg36AP7,21366,33402,4
Bldg36AP8,21366,33402,3
Bldg37AP1,21303,33425,2
Bldg37AP2,21303,33425,2
Bldg37AP3,21303,33425,2
Bldg37AP4,21303,33425,2
Bldg37AP5,21303,33425,2
Bldg37AP6,21303,33425,2
Bldg37AP7,21303,33425,2
Bldg37AP8,21303,33425,2
Bldg37AP9,21303,33425,2
Bldg37AP10,21303,33425,3
Bldg37AP11,21303,33425,3
Bldg37AP12,21303,33425,4
Bldg37AP13,21303,33425,4
Bldg37AP14,21303,33425,4
Bldg38AP1,21229,33425,NA
Bldg38AP2,21229,33425,2
Bldg38AP3,21229,33425,3
Bldg38AP4,21229,33425,2
Bldg38AP5,21229,33425,2
Bldg38AP6,21229,33425,5
Bldg38AP7,21229,33425,5
Bldg38AP8,21229,33425,4
Bldg38AP9,21229,33425,4
Bldg38AP10,21229,33425,4
Bldg38AP11,21229,33425,3
Bldg38AP12,21229,33425,2
Bldg38AP13,21229,33425,2
Bldg38AP14,21229,33425,2
Bldg38AP15,21229,33425,3
Bldg38AP16,21229,33425,3
Bldg38AP17,21229,33425,3
Bldg38AP18,21229,33425,2
Bldg38AP19,21229,33425,2
Bldg38AP20,21229,33425,3
Bldg38AP21,21229,33425,3
Bldg38AP22,21229,33425,2
Bldg39AP1,21303,33410,1
Bldg39AP2,21303,33410,2
Bldg40AP1,21217,33495,3
Bldg40AP2,21217,33495,3
Bldg40AP3,21217,33495,4
Bldg40AP4,21217,33495,4
Bldg40AP5,21264,33491,2
Bldg40AP6,21264,33491,2
Bldg40AP7,21264,33491,3
Bldg40AP8,21264,33491,3
Bldg40AP9,21264,33491,4
Bldg40AP10,21264,33491,4
Bldg40AP11,21302,33486,2
Bldg40AP12,21302,33486,2
Bldg40AP13,21302,33486,3
Bldg40AP14,21302,33486,4
Bldg40AP15,21302,33486,4
Bldg40AP16,21302,33486,1
Bldg40AP17,21264,33491,1
Bldg41AP1,20744,33415,2
Bldg41AP2,20744,33415,2
Bldg41AP3,20744,33415,3
Bldg41AP4,20744,33415,2
Bldg42AP1,20995,33297,2
Bldg43AP1,21808,32346,NA
Bldg43AP2,21808,32346,NA
Bldg43AP3,21808,32346,NA
Bldg43AP4,21808,32346,NA
Bldg43AP5,21808,32346,NA
Bldg43AP6,21808,32346,NA
Bldg44AP1,14703,39123,2
Bldg44AP2,14703,39123,2
Bldg44AP3,14703,39123,2
Bldg44AP4,14703,39123,2
Bldg44AP5,14703,39123,2
Bldg44AP6,14703,39123,2
Bldg44AP7,14703,39123,3
Bldg44AP8,14703,39123,4
Bldg44AP9,14703,39123,3
Bldg44AP10,14703,39123,3
Bldg44AP11,14703,39123,3
Bldg44AP12,14703,39123,4
Bldg44AP13,14703,39123,4
Bldg44AP14,14703,39123,4
Bldg44AP15,14703,39123,4
Bldg44AP16,14703,39123,4
Bldg44AP17,14703,39123,1
Bldg44AP18,14703,39123,2
Bldg44AP19,14703,39123,2
Bldg44AP20,14703,39123,2
Bldg44AP21,14703,39123,2
Bldg44AP22,14703,39123,3
Bldg44AP23,14703,39123,3
Bldg44AP24,14703,39123,3
Bldg44AP25,14703,39123,3
Bldg44AP26,14703,39123,3
Bldg44AP27,14703,39123,3
Bldg44AP28,14703,39123,4
Bldg44AP29,14703,39123,4
Bldg44AP30,14703,39123,4
Bldg44AP31,14703,39123,4
Bldg44AP32,14703,39123,3
Bldg44AP33,14703,39123,4
Bldg44AP34,14703,39123,4
Bldg44AP35,14703,39123,4
Bldg44AP36,14703,39123,4
Bldg44AP37,14703,39123,4
Bldg44AP38,14703,39123,2
Bldg44AP39,14703,39123,2
Bldg44AP40,14703,39123,4
Bldg44AP41,14703,39123,4
Bldg44AP42,14703,39123,4
Bldg44AP43,14703,39123,4
Bldg44AP44,14703,39123,3
Bldg44AP45,14703,39123,3
Bldg44AP46,14703,39123,3
Bldg44AP47,14703,39123,4
Bldg44AP48,14703,39123,4
Bldg44AP49,14703,39123,4
Bldg44AP50,14703,39123,3
Bldg44AP51,14703,39123,3
Bldg44AP52,14703,39123,3
Bldg44AP53,14703,39123,2
Bldg44AP54,14703,39123,2
Bldg44AP55,14703,39123,2
Bldg44AP56,14703,39123,2
Bldg44AP57,14703,39123,2
Bldg44AP58,14703,39123,3
Bldg44AP59,14703,39123,3
Bldg44AP60,14703,39123,3
Bldg44AP61,14703,39123,4
Bldg44AP62,14703,39123,3
Bldg44AP63,14703,39123,3
Bldg44AP64,14703,39123,3
Bldg44AP65,14703,39123,2
Bldg44AP66,14703,39123,2
Bldg44AP67,14703,39123,2
Bldg44AP68,14703,39123,2
Bldg44AP69,14703,39123,2
Bldg44AP70,14703,39123,2
Bldg44AP71,14703,39123,2
Bldg44AP72,14703,39123,2
Bldg44AP73,14703,39123,2
Bldg44AP74,14703,39123,3
Bldg44AP75,14703,39123,3
Bldg44AP76,14703,39123,3
Bldg44AP77,14703,39123,3
Bldg44AP78,14703,39123,3
Bldg44AP79,14703,39123,3
Bldg44AP80,14703,39123,4
Bldg44AP81,14703,39123,1
Bldg44AP82,14703,39123,2
Bldg44AP83,14703,39123,2
Bldg44AP84,14703,39123,2
Bldg44AP85,14703,39123,2
Bldg45AP1,3981,15119,NA
Bldg45AP2,3981,15119,NA
Bldg45AP3,3981,15119,NA
Bldg45AP4,3981,15119,NA
Bldg45AP5,3981,15119,NA
Bldg45AP6,3981,15119,NA
Bldg45AP7,3981,15119,NA
Bldg45AP8,3981,15119,NA
Bldg45AP9,3981,15119,NA
Bldg45AP10,3981,15119,NA
Bldg45AP11,3981,15119,2
Bldg45AP12,3981,15119,NA
Bldg45AP13,3981,15119,2
Bldg45AP14,3981,15119,NA
Bldg45AP15,3981,15119,NA
Bldg45AP16,3981,15119,NA
Bldg45AP17,3981,15119,NA
Bldg45AP18,3981,15119,NA
Bldg45AP19,3981,15119,NA
Bldg45AP20,3981,15119,NA
Bldg45AP21,3981,15119,NA
Bldg45AP22,3981,15119,NA
Bldg45AP23,3981,15119,NA
Bldg45AP24,3981,15119,NA
Bldg45AP25,3981,15119,NA
Bldg45AP26,3981,15119,NA
Bldg45AP27,3981,15119,NA
Bldg45AP28,3981,15119,NA
Bldg45AP29,3981,15119,NA
Bldg45AP30,3981,15119,NA
Bldg45AP31,3981,15119,NA
Bldg45AP32,3981,15119,NA
Bldg45AP33,3981,15119,NA
Bldg45AP34,3981,15119,NA
Bldg45AP35,3981,15119,NA
Bldg45AP36,3981,15119,NA
Bldg45AP37,3981,15119,3
Bldg46AP1,25242,12247,2
Bldg46AP2,25242,12247,3
Bldg46AP3,25242,12247,3
Bldg46AP4,25242,12247,3
Bldg46AP5,25242,12247,3
Bldg46AP6,25242,12247,5
Bldg46AP7,25242,12247,5
Bldg46AP8,25242,12247,6
Bldg46AP9,25242,12247,6
Bldg46AP10,25242,12247,6
Bldg46AP11,25242,12247,7
Bldg46AP12,25242,12247,7
Bldg46AP13,25242,12247,3
Bldg46AP14,25242,12247,4
Bldg46AP15,25242,12247,4
Bldg46AP16,25242,12247,5
Bldg46AP17,25242,12247,5
Bldg46AP18,25242,12247,5
Bldg46AP19,25242,12247,6
Bldg46AP20,25242,12247,6
Bldg46AP21,25242,12247,6
Bldg46AP22,25242,12247,7
Bldg46AP23,25242,12247,7
Bldg47AP1,14093,18419,2
Bldg47AP2,14093,18419,3
Bldg47AP3,14093,18419,3
Bldg47AP4,14093,18419,3
Bldg47AP5,14093,18419,4
Bldg47AP6,14093,18419,4
Bldg47AP7,14093,18419,4
Bldg47AP8,14093,18419,5
Bldg47AP9,14093,18419,6
Bldg47AP10,14093,18419,4
Bldg47AP11,14093,18419,2
Bldg47AP12,14093,18419,2
Bldg47AP13,14093,18419,2
Bldg47AP14,14093,18419,2
Bldg47AP15,14093,18419,2
Bldg47AP16,14093,18419,3
Bldg47AP17,14093,18419,4
Bldg47AP18,14093,18419,5
Bldg47AP19,14093,18419,5
Bldg47AP20,14093,18419,6
Bldg47AP21,14093,18419,6
Bldg47AP22,14093,18419,6
Bldg48AP1,14356,39196,4
Bldg48AP2,14356,39196,4
Bldg48AP3,14356,39196,5
Bldg48AP4,14356,39196,5
Bldg48AP5,14356,39196,6
Bldg48AP6,14356,39196,7
Bldg48AP7,14356,39196,7
Bldg48AP8,14356,39196,7
Bldg48AP9,14356,39196,7
Bldg48AP10,14356,39196,7
Bldg48AP11,14356,39196,8
Bldg48AP12,14356,39196,8
Bldg48AP13,14356,39196,8
Bldg48AP14,14356,39196,8
Bldg48AP15,14356,39196,8
Bldg48AP16,14356,39196,8
Bldg48AP17,14356,39196,8
Bldg48AP18,14356,39196,8
Bldg48AP19,14356,39196,8
Bldg48AP20,14356,39196,8
Bldg48AP21,14356,39196,3
Bldg48AP22,14356,39196,3
Bldg48AP23,14356,39196,4
Bldg48AP24,14356,39196,4
Bldg48AP25,14356,39196,5
Bldg48AP26,14356,39196,5
Bldg48AP27,14356,39196,5
Bldg48AP28,14356,39196,6
Bldg48AP29,14356,39196,6
Bldg48AP30,14356,39196,6
Bldg48AP31,14356,39196,7
Bldg48AP32,14356,39196,8
Bldg48AP33,14356,39196,8
Bldg48AP34,14356,39196,4
Bldg48AP35,14356,39196,NA
Bldg48AP36,14356,39196,NA
Bldg48AP37,14356,39196,NA
Bldg48AP38,14356,39196,NA
Bldg48AP39,14356,39196,NA
Bldg48AP40,14356,39196,NA
Bldg48AP41,14356,39196,NA
Bldg48AP42,14356,39196,NA
Bldg48AP43,14356,39196,NA
Bldg48AP44,14356,39196,NA
Bldg48AP45,14356,39196,NA
Bldg48AP46,14356,39196,NA
Bldg48AP47,14356,39196,NA
Bldg48AP48,14356,39196,NA
Bldg48AP49,14356,39196,NA
Bldg48AP50,14356,39196,NA
Bldg48AP51,14356,39196,NA
Bldg48AP52,14356,39196,NA
Bldg48AP53,14356,39196,NA
Bldg48AP54,14356,39196,NA
Bldg48AP55,14356,39196,NA
Bldg48AP56,14356,39196,NA
Bldg48AP57,14356,39196,NA
Bldg48AP58,14356,39196,NA
Bldg48AP59,14356,39196,NA
Bldg48AP60,14356,39196,NA
Bldg48AP61,14356,39196,NA
Bldg48AP62,14356,39196,NA
Bldg48AP63,14356,39196,NA
Bldg48AP64,14356,39196,NA
Bldg48AP65,14356,39196,NA
Bldg48AP66,14356,39196,NA
Bldg48AP67,14356,39196,NA
Bldg48AP68,14356,39196,NA
Bldg48AP69,14356,39196,NA
Bldg48AP70,14356,39196,NA
Bldg48AP71,14356,39196,NA
Bldg48AP72,14356,39196,NA