,AP,x_coordinate(m),y_coordinate(m),floor
0,Bldg1AP1,21534,32313,2.0
2,Bldg1AP3,21534,32313,3.0
3,Bldg1AP4,21534,32313,3.0
4,Bldg1AP5,21534,32313,4.0
5,Bldg1AP6,21534,32313,4.0
6,Bldg1AP7,21534,32313,5.0
7,Bldg1AP8,21534,32313,2.0
8,Bldg1AP9,21534,32313,3.0
9,Bldg1AP10,21534,32313,3.0
10,Bldg1AP11,21534,32313,5.0
12,Bldg1AP13,21534,32313,1.0
13,Bldg1AP14,21534,32313,2.0
14,Bldg1AP15,21534,32313,3.0
15,Bldg1AP16,21534,32313,3.0
16,Bldg1AP17,21534,32313,4.0
17,Bldg1AP18,21534,32313,4.0
18,Bldg1AP19,21534,32313,5.0
19,Bldg1AP20,21534,32313,
21,Bldg1AP22,21534,32313,2.0
22,Bldg1AP23,21534,32313,3.0
23,Bldg1AP24,21534,32313,4.0
24,Bldg1AP25,21534,32313,4.0
25,Bldg1AP26,21534,32313,4.0
26,Bldg1AP27,21534,32313,1.0
27,Bldg1AP28,21534,32313,5.0
28,Bldg1AP29,21534,32313,5.0
29,Bldg1AP30,21534,32313,5.0
30,Bldg2AP1,21702,32607,2.0
31,Bldg2AP2,21702,32607,1.0
32,Bldg2AP3,21702,32607,1.0
33,Bldg2AP4,21702,32607,4.0
34,Bldg2AP5,21702,32607,4.0
35,Bldg2AP6,21702,32607,2.0
36,Bldg2AP7,21702,32607,2.0
37,Bldg2AP8,21702,32607,2.0
38,Bldg2AP9,21702,32607,2.0
39,Bldg2AP10,21702,32607,3.0
42,Bldg2AP13,21702,32607,4.0
43,Bldg2AP14,21702,32607,4.0
44,Bldg2AP15,21702,32607,4.0
45,Bldg2AP16,21702,32607,4.0
46,Bldg2AP17,21702,32607,5.0
47,Bldg2AP18,21702,32607,5.0
48,Bldg2AP19,21702,32607,5.0
49,Bldg2AP20,21702,32607,5.0
50,Bldg2AP21,21702,32607,5.0
51,Bldg3AP1,21804,32683,3.0
52,Bldg3AP2,21804,32683,3.0
53,Bldg3AP3,21804,32683,3.0
54,Bldg3AP4,21804,32683,3.0
55,Bldg3AP5,21804,32683,3.0
56,Bldg3AP6,21804,32683,3.0
57,Bldg3AP7,21804,32683,3.0
58,Bldg3AP8,21804,32683,3.0
59,Bldg3AP9,21804,32683,3.0
60,Bldg3AP10,21804,32683,3.0
61,Bldg3AP11,21728,32711,3.0
62,Bldg3AP12,21728,32711,3.0
63,Bldg3AP13,21728,32711,3.0
64,Bldg3AP14,21804,32683,3.0
65,Bldg3AP15,21728,32711,5.0
66,Bldg3AP16,21728,32711,5.0
67,Bldg3AP17,21728,32711,5.0
68,Bldg3AP18,21728,32711,5.0
69,Bldg3AP19,21804,32683,6.0
70,Bldg3AP20,21804,32683,6.0
71,Bldg3AP21,21804,32683,6.0
72,Bldg3AP22,21804,32683,4.0
73,Bldg3AP23,21844,32793,4.0
74,Bldg3AP24,21728,32711,2.0
75,Bldg3AP25,21728,32711,2.0
76,Bldg3AP26,21728,32711,2.0
77,Bldg3AP27,21728,32711,3.0
78,Bldg3AP28,21844,32793,
79,Bldg3AP29,21728,32711,4.0
80,Bldg3AP30,21728,32711,4.0
81,Bldg3AP31,21728,32711,2.0
82,Bldg3AP32,21728,32711,3.0
83,Bldg3AP33,21728,32711,4.0
84,Bldg3AP34,21728,32711,4.0
85,Bldg3AP35,21728,32711,4.0
86,Bldg3AP36,21728,32711,4.0
87,Bldg3AP37,21728,32711,4.0
88,Bldg3AP38,21728,32711,5.0
89,Bldg3AP39,21728,32711,5.0
90,Bldg3AP40,21728,32711,5.0
91,Bldg3AP41,21728,32711,5.0
92,Bldg3AP42,21728,32711,6.0
93,Bldg3AP43,21728,32711,6.0
94,Bldg3AP44,21728,32711,6.0
95,Bldg3AP45,21728,32711,6.0
96,Bldg3AP46,21728,32711,6.0
97,Bldg3AP47,21779,32818,4.0
98,Bldg3AP48,21779,32818,5.0
99,Bldg3AP49,21779,32818,5.0
100,Bldg3AP50,21779,32818,6.0
101,Bldg3AP51,21779,32818,6.0
102,Bldg3AP52,21779,32818,7.0
103,Bldg3AP53,21779,32818,7.0
104,Bldg3AP54,21779,32818,7.0
105,Bldg3AP55,21779,32818,8.0
106,Bldg3AP56,21844,32793,4.0
107,Bldg3AP57,21844,32793,4.0
108,Bldg3AP58,21844,32793,5.0
109,Bldg3AP59,21844,32793,5.0
110,Bldg3AP60,21844,32793,5.0
111,Bldg3AP61,21844,32793,5.0
112,Bldg3AP62,21844,32793,5.0
113,Bldg3AP63,21844,32793,6.0
114,Bldg3AP64,21844,32793,6.0
115,Bldg3AP65,21844,32793,6.0
116,Bldg3AP66,21844,32793,6.0
117,Bldg3AP67,21844,32793,6.0
118,Bldg3AP68,21844,32793,7.0
119,Bldg3AP69,21844,32793,7.0
120,Bldg3AP70,21844,32793,7.0
121,Bldg3AP71,21804,32683,4.0
122,Bldg3AP72,21804,32683,4.0
123,Bldg3AP73,21804,32683,4.0
124,Bldg3AP74,21804,32683,4.0
125,Bldg3AP75,21804,32683,4.0
126,Bldg3AP76,21804,32683,4.0
127,Bldg3AP77,21804,32683,5.0
128,Bldg3AP78,21804,32683,5.0
129,Bldg3AP79,21804,32683,5.0
130,Bldg3AP80,21804,32683,5.0
131,Bldg3AP81,21804,32683,5.0
132,Bldg3AP82,21804,32683,5.0
133,Bldg3AP83,21804,32683,6.0
134,Bldg3AP84,21804,32683,6.0
135,Bldg3AP85,21804,32683,6.0
136,Bldg3AP86,21804,32683,6.0
137,Bldg3AP87,21804,32683,6.0
138,Bldg3AP88,21804,32683,6.0
139,Bldg3AP89,21804,32683,4.0
140,Bldg3AP90,21804,32683,7.0
141,Bldg3AP91,21728,32711,3.0
142,Bldg3AP92,21728,32711,3.0
143,Bldg3AP93,21728,32711,3.0
144,Bldg3AP94,21728,32711,3.0
145,Bldg3AP95,21728,32711,3.0
146,Bldg3AP96,21728,32711,3.0
147,Bldg3AP97,21748,32768,3.0
148,Bldg3AP98,21748,32768,3.0
149,Bldg3AP99,21728,32711,3.0
150,Bldg3AP100,21728,32711,3.0
151,Bldg3AP101,21728,32711,4.0
152,Bldg3AP102,21728,32711,4.0
153,Bldg3AP103,21728,32711,5.0
154,Bldg3AP104,21728,32711,5.0
155,Bldg3AP105,21728,32711,5.0
156,Bldg3AP106,21728,32711,5.0
157,Bldg3AP107,21728,32711,5.0
158,Bldg3AP108,21728,32711,5.0
159,Bldg3AP109,21728,32711,5.0
160,Bldg3AP110,21748,32768,5.0
161,Bldg3AP111,21728,32711,6.0
162,Bldg3AP112,21728,32711,6.0
163,Bldg3AP113,21779,32818,4.0
164,Bldg3AP114,21779,32818,5.0
165,Bldg3AP115,21779,32818,5.0
166,Bldg3AP116,21779,32818,6.0
167,Bldg3AP117,21844,32793,4.0
168,Bldg3AP118,21844,32793,4.0
169,Bldg3AP119,21844,32793,9.0
170,Bldg3AP120,21804,32683,3.0
171,Bldg3AP121,21804,32683,3.0
172,Bldg3AP122,21804,32683,3.0
173,Bldg3AP123,21804,32683,3.0
174,Bldg3AP124,21804,32683,4.0
175,Bldg3AP125,21804,32683,4.0
176,Bldg3AP126,21804,32683,4.0
177,Bldg3AP127,21804,32683,4.0
178,Bldg3AP128,21836,32737,4.0
179,Bldg3AP129,21804,32683,5.0
180,Bldg3AP130,21804,32683,5.0
181,Bldg3AP131,21804,32683,5.0
182,Bldg3AP132,21804,32683,5.0
183,Bldg3AP133,21804,32683,5.0
184,Bldg3AP134,21836,32737,5.0
185,Bldg3AP135,21804,32683,6.0
186,Bldg3AP136,21804,32683,
187,Bldg3AP137,21804,32683,
188,Bldg3AP138,21804,32683,
189,Bldg4AP1,21613,32759,
190,Bldg4AP2,21613,32759,
191,Bldg4AP3,21613,32759,
192,Bldg4AP4,21613,32759,
193,Bldg4AP5,21613,32759,
194,Bldg4AP6,21613,32759,
195,Bldg4AP7,21613,32759,3.0
196,Bldg4AP8,21613,32759,2.0
197,Bldg4AP9,21613,32759,2.0
198,Bldg4AP10,21613,32759,2.0
199,Bldg4AP11,21613,32759,0.0
200,Bldg4AP12,21613,32759,0.0
201,Bldg4AP13,21613,32759,1.0
202,Bldg4AP14,21613,32759,1.0
203,Bldg4AP15,21613,32759,1.0
204,Bldg4AP16,21613,32759,1.0
205,Bldg4AP17,21613,32759,1.0
206,Bldg4AP18,21613,32759,1.0
207,Bldg4AP19,21613,32759,2.0
208,Bldg4AP20,21613,32759,2.0
209,Bldg4AP21,21613,32759,2.0
210,Bldg4AP22,21613,32759,2.0
211,Bldg4AP23,21613,32759,2.0
212,Bldg4AP24,21613,32759,2.0
213,Bldg4AP25,21613,32759,3.0
214,Bldg4AP26,21613,32759,3.0
215,Bldg4AP27,21613,32759,3.0
216,Bldg4AP28,21613,32759,3.0
217,Bldg4AP29,21613,32759,
218,Bldg4AP30,21613,32759,3.0
219,Bldg4AP31,21613,32759,1.0
220,Bldg4AP32,21613,32759,1.0
221,Bldg4AP33,21613,32759,1.0
222,Bldg4AP34,21613,32759,
223,Bldg5AP1,21620,32840,1.0
224,Bldg6AP1,21742,32802,2.0
225,Bldg6AP2,21742,32802,3.0
226,Bldg6AP3,21742,32802,2.0
227,Bldg6AP4,21742,32802,2.0
228,Bldg6AP5,21742,32802,3.0
229,Bldg6AP6,21742,32802,1.0
230,Bldg6AP7,21742,32802,1.0
231,Bldg6AP8,21742,32802,2.0
232,Bldg6AP9,21742,32802,2.0
233,Bldg6AP10,21742,32802,2.0
234,Bldg6AP11,21742,32802,2.0
235,Bldg6AP12,21742,32802,3.0
236,Bldg6AP13,21742,32802,3.0
237,Bldg6AP14,21742,32802,4.0
238,Bldg6AP15,21742,32802,2.0
239,Bldg6AP16,21742,32802,3.0
240,Bldg6AP17,21742,32802,5.0
241,Bldg6AP18,21742,32802,3.0
242,Bldg6AP19,21742,32802,5.0
243,Bldg6AP20,21742,32802,2.0
244,Bldg6AP21,21742,32802,2.0
245,Bldg6AP22,21742,32802,3.0
246,Bldg6AP23,21742,32802,3.0
247,Bldg6AP24,21742,32802,3.0
248,Bldg6AP25,21742,32802,3.0
249,Bldg6AP26,21742,32802,4.0
250,Bldg6AP27,21742,32802,2.0
251,Bldg6AP28,21742,32802,2.0
252,Bldg6AP29,21742,32802,2.0
253,Bldg6AP30,21742,32802,2.0
254,Bldg6AP31,21742,32802,4.0
255,Bldg6AP32,21742,32802,2.0
256,Bldg6AP33,21742,32802,2.0
257,Bldg6AP34,21742,32802,3.0
258,Bldg6AP35,21742,32802,3.0
259,Bldg6AP36,21742,32802,3.0
260,Bldg6AP37,21742,32802,2.0
261,Bldg6AP38,21742,32802,4.0
262,Bldg6AP39,21742,32802,4.0
263,Bldg7AP1,21504,32831,0.0
264,Bldg8AP1,21824,32886,2.0
265,Bldg8AP2,21824,32886,2.0
266,Bldg8AP3,21824,32886,2.0
267,Bldg8AP4,21824,32886,2.0
268,Bldg8AP5,21824,32886,2.0
269,Bldg8AP6,21824,32886,2.0
270,Bldg8AP7,21804,32861,1.0
271,Bldg8AP8,21804,32861,1.0
272,Bldg8AP9,21804,32861,1.0
273,Bldg8AP10,21804,32861,4.0
274,Bldg8AP11,21804,32861,4.0
275,Bldg8AP12,21804,32861,6.0
276,Bldg8AP13,21804,32861,6.0
277,Bldg8AP14,21804,32861,6.0
278,Bldg8AP15,21804,32861,6.0
279,Bldg8AP16,21804,32861,6.0
280,Bldg8AP17,21804,32861,6.0
281,Bldg8AP18,21804,32861,
282,Bldg8AP19,21804,32861,2.0
283,Bldg8AP20,21804,32861,3.0
284,Bldg8AP21,21804,32861,3.0
285,Bldg8AP22,21804,32861,4.0
286,Bldg8AP23,21804,32861,5.0
287,Bldg8AP24,21804,32861,5.0
288,Bldg9AP1,21851,32856,2.0
289,Bldg9AP2,21851,32856,2.0
290,Bldg9AP3,21851,32856,2.0
291,Bldg9AP4,21851,32856,4.0
292,Bldg9AP5,21851,32856,4.0
293,Bldg9AP6,21851,32856,4.0
294,Bldg9AP7,21851,32856,4.0
295,Bldg9AP8,21851,32856,4.0
296,Bldg9AP9,21851,32856,5.0
297,Bldg9AP10,21851,32856,5.0
298,Bldg9AP11,21851,32856,5.0
299,Bldg9AP12,21851,32856,5.0
300,Bldg9AP13,21851,32856,1.0
301,Bldg9AP14,21851,32856,1.0
302,Bldg9AP15,21851,32856,1.0
303,Bldg9AP16,21851,32856,4.0
304,Bldg9AP17,21851,32856,5.0
305,Bldg9AP18,21851,32856,5.0
306,Bldg10AP1,21736,32907,1.0
307,Bldg10AP2,21736,32907,2.0
308,Bldg10AP3,21736,32907,2.0
309,Bldg10AP4,21736,32907,3.0
310,Bldg10AP5,21736,32907,3.0
311,Bldg10AP6,21736,32907,4.0
312,Bldg10AP7,21736,32907,4.0
313,Bldg10AP8,21736,32907,1.0
314,Bldg11AP1,21663,33167,4.0
315,Bldg11AP2,21663,33167,4.0
316,Bldg11AP3,21663,33167,3.0
317,Bldg11AP4,21663,33167,4.0
318,Bldg11AP5,21663,33167,4.0
319,Bldg11AP6,21663,33167,4.0
320,Bldg11AP7,21663,33167,5.0
321,Bldg11AP8,21663,33167,5.0
322,Bldg11AP9,21663,33167,3.0
323,Bldg11AP10,21663,33167,2.0
324,Bldg11AP11,21663,33167,2.0
325,Bldg11AP12,21663,33167,1.0
326,Bldg11AP13,21663,33167,4.0
327,Bldg11AP14,21663,33167,3.0
328,Bldg11AP15,21663,33167,3.0
329,Bldg11AP16,21663,33167,4.0
330,Bldg11AP17,21663,33167,5.0
331,Bldg11AP18,21663,33167,5.0
332,Bldg11AP19,21663,33167,4.0
333,Bldg11AP20,21663,33167,5.0
334,Bldg11AP21,21663,33167,5.0
335,Bldg11AP22,21663,33167,2.0
336,Bldg11AP23,21663,33167,3.0
337,Bldg11AP24,21663,33167,3.0
338,Bldg11AP25,21663,33167,1.0
339,Bldg11AP26,21663,33167,2.0
340,Bldg11AP27,21663,33167,4.0
341,Bldg11AP28,21663,33167,3.0
342,Bldg11AP29,21663,33167,4.0
343,Bldg11AP30,21663,33167,5.0
344,Bldg11AP31,21663,33167,4.0
345,Bldg11AP32,21663,33167,4.0
346,Bldg11AP33,21663,33167,4.0
347,Bldg11AP34,21663,33167,4.0
348,Bldg11AP35,21663,33167,4.0
349,Bldg11AP36,21663,33167,5.0
350,Bldg11AP37,21663,33167,5.0
351,Bldg11AP38,21663,33167,1.0
352,Bldg11AP39,21663,33167,5.0
353,Bldg11AP40,21663,33167,5.0
354,Bldg11AP41,21663,33167,2.0
355,Bldg11AP42,21663,33167,3.0
356,Bldg11AP43,21663,33167,4.0
357,Bldg11AP44,21663,33167,4.0
358,Bldg11AP45,21663,33167,5.0
359,Bldg11AP46,21663,33167,5.0
360,Bldg11AP47,21663,33167,5.0
361,Bldg11AP48,21663,33167,3.0
362,Bldg11AP49,21663,33167,5.0
363,Bldg11AP50,21663,33167,1.0
364,Bldg11AP51,21663,33167,
365,Bldg12AP1,21598,33117,
366,Bldg12AP2,21598,33117,
367,Bldg12AP3,21598,33117,
368,Bldg12AP4,21598,33117,
369,Bldg13AP1,21486,32863,
370,Bldg14AP1,21675,32938,0.0
371,Bldg14AP2,21692,32884,0.0
372,Bldg14AP3,21692,32884,1.0
373,Bldg14AP4,21692,32884,1.0
374,Bldg14AP5,21692,32884,0.0
375,Bldg14AP6,21692,32884,1.0
376,Bldg14AP7,21675,32938,1.0
377,Bldg14AP8,21675,32938,1.0
378,Bldg14AP9,21675,32938,0.0
379,Bldg14AP10,21675,32938,1.0
380,Bldg14AP11,21692,32884,0.0
381,Bldg14AP12,21692,32884,0.0
382,Bldg14AP13,21692,32884,0.0
383,Bldg14AP14,21692,32884,1.0
384,Bldg14AP15,21692,32884,1.0
385,Bldg14AP16,21692,32884,1.0
386,Bldg14AP17,21675,32938,1.0
387,Bldg14AP18,21675,32938,1.0
388,Bldg14AP19,21692,32884,2.0
389,Bldg14AP20,21692,32884,2.0
390,Bldg14AP21,21675,32938,2.0
391,Bldg14AP22,21675,32938,2.0
392,Bldg14AP23,21675,32938,2.0
393,Bldg14AP24,21692,32884,3.0
394,Bldg14AP25,21692,32884,3.0
395,Bldg14AP26,21692,32884,3.0
396,Bldg14AP27,21675,32938,3.0
397,Bldg14AP28,21692,32884,4.0
398,Bldg14AP29,21692,32884,4.0
399,Bldg14AP30,21692,32884,5.0
400,Bldg14AP31,21692,32884,5.0
401,Bldg14AP32,21675,32938,0.0
402,Bldg14AP33,21675,32938,0.0
403,Bldg14AP34,21692,32884,0.0
404,Bldg14AP35,21692,32884,0.0
405,Bldg14AP36,21692,32884,0.0
406,Bldg14AP37,21692,32884,0.0
407,Bldg14AP38,21692,32884,-1.0
408,Bldg14AP39,21675,32938,0.0
409,Bldg14AP40,21675,32938,-1.0
410,Bldg14AP41,21692,32884,0.0
411,Bldg14AP42,21675,32938,0.0
412,Bldg14AP43,21675,32938,3.0
413,Bldg15AP1,21824,32935,3.0
414,Bldg15AP2,21824,32935,4.0
415,Bldg15AP3,21824,32935,6.0
416,Bldg15AP4,21824,32935,5.0
417,Bldg15AP5,21824,32935,3.0
418,Bldg15AP6,21824,32935,3.0
419,Bldg15AP7,21824,32935,5.0
420,Bldg15AP8,21824,32935,5.0
421,Bldg15AP9,21824,32935,5.0
422,Bldg15AP10,21824,32935,5.0
423,Bldg15AP11,21824,32935,5.0
424,Bldg15AP12,21824,32935,5.0
425,Bldg15AP13,21824,32935,5.0
426,Bldg15AP14,21824,32935,5.0
427,Bldg15AP15,21824,32935,5.0
428,Bldg15AP16,21824,32935,5.0
429,Bldg15AP17,21824,32935,5.0
430,Bldg15AP18,21824,32935,5.0
431,Bldg15AP19,21824,32935,6.0
432,Bldg15AP20,21824,32935,7.0
433,Bldg15AP21,21824,32935,3.0
434,Bldg16AP1,21763,32993,5.0
435,Bldg16AP2,21705,32988,5.0
436,Bldg16AP3,21763,32993,2.0
437,Bldg16AP4,21763,32993,3.0
438,Bldg16AP5,21763,32993,3.0
439,Bldg16AP6,21763,32993,3.0
440,Bldg16AP7,21763,32993,5.0
441,Bldg16AP8,21763,32993,3.0
442,Bldg16AP9,21763,32993,3.0
443,Bldg16AP10,21763,32993,4.0
444,Bldg16AP11,21763,32993,4.0
445,Bldg16AP12,21740,33078,2.0
446,Bldg16AP13,21740,33078,3.0
447,Bldg16AP14,21740,33078,3.0
448,Bldg16AP15,21740,33078,4.0
449,Bldg16AP16,21740,33078,4.0
450,Bldg16AP17,21705,32988,4.0
451,Bldg16AP18,21705,32988,5.0
452,Bldg16AP19,21705,32988,5.0
453,Bldg16AP20,21705,32988,2.0
454,Bldg16AP21,21705,32988,2.0
455,Bldg16AP22,21705,32988,3.0
456,Bldg16AP23,21705,32988,4.0
457,Bldg16AP24,21763,32993,1.0
458,Bldg16AP25,21763,32993,3.0
459,Bldg16AP26,21763,32993,3.0
460,Bldg16AP27,21763,32993,4.0
461,Bldg16AP28,21763,32993,5.0
462,Bldg16AP29,21763,32993,2.0
463,Bldg16AP30,21763,32993,2.0
464,Bldg16AP31,21763,32993,4.0
465,Bldg16AP32,21740,33078,2.0
466,Bldg16AP33,21740,33078,5.0
467,Bldg16AP34,21705,32988,3.0
468,Bldg16AP35,21705,32988,
469,Bldg16AP36,21763,32993,
470,Bldg16AP37,21705,32988,
471,Bldg17AP1,21814,32985,6.0
472,Bldg17AP2,21814,32985,2.0
473,Bldg17AP3,21814,32985,2.0
474,Bldg17AP4,21814,32985,3.0
475,Bldg17AP5,21814,32985,3.0
476,Bldg17AP6,21814,32985,3.0
477,Bldg17AP7,21814,32985,4.0
478,Bldg17AP8,21814,32985,4.0
479,Bldg17AP9,21814,32985,4.0
480,Bldg17AP10,21814,32985,4.0
481,Bldg17AP11,21814,32985,4.0
482,Bldg17AP12,21814,32985,5.0
483,Bldg17AP13,21814,32985,5.0
484,Bldg17AP14,21814,32985,6.0
485,Bldg17AP15,21814,32985,6.0
486,Bldg18AP1,21799,33017,3.0
487,Bldg18AP2,21799,33017,3.0
488,Bldg18AP3,21799,33017,3.0
489,Bldg18AP4,21799,33017,3.0
490,Bldg18AP5,21799,33017,4.0
491,Bldg18AP6,21799,33017,4.0
492,Bldg18AP7,21799,33017,5.0
493,Bldg18AP8,21799,33017,5.0
494,Bldg18AP9,21799,33017,5.0
495,Bldg18AP10,21799,33017,6.0
496,Bldg18AP11,21799,33017,6.0
497,Bldg18AP12,21799,33017,6.0
498,Bldg19AP1,21838,33058,3.0
499,Bldg19AP2,21838,33058,2.0
500,Bldg19AP3,21838,33058,3.0
501,Bldg19AP4,21838,33058,3.0
502,Bldg19AP5,21838,33058,3.0
503,Bldg19AP6,21838,33058,5.0
504,Bldg19AP7,21838,33058,5.0
505,Bldg19AP8,21838,33058,5.0
506,Bldg19AP9,21838,33058,2.0
507,Bldg19AP10,21838,33058,2.0
508,Bldg19AP11,21838,33058,2.0
509,Bldg19AP12,21838,33058,2.0
510,Bldg19AP13,21838,33058,2.0
511,Bldg19AP14,21838,33058,2.0
512,Bldg19AP15,21838,33058,2.0
513,Bldg19AP16,21838,33058,4.0
514,Bldg19AP17,21838,33058,4.0
515,Bldg19AP18,21838,33058,4.0
516,Bldg19AP19,21838,33058,5.0
517,Bldg19AP20,21838,33058,2.0
518,Bldg20AP1,21510,33050,3.0
519,Bldg20AP2,21510,33050,2.0
520,Bldg20AP3,21510,33050,2.0
521,Bldg20AP4,21510,33050,2.0
522,Bldg20AP5,21510,33050,3.0
523,Bldg20AP6,21510,33050,3.0
524,Bldg20AP7,21510,33050,3.0
525,Bldg20AP8,21510,33050,3.0
526,Bldg20AP9,21510,33050,3.0
527,Bldg20AP10,21510,33050,3.0
528,Bldg20AP11,21510,33050,4.0
529,Bldg20AP12,21510,33050,4.0
530,Bldg20AP13,21510,33050,4.0
531,Bldg20AP14,21510,33050,5.0
532,Bldg20AP15,21510,33050,5.0
533,Bldg20AP16,21510,33050,5.0
534,Bldg20AP17,21510,33050,5.0
535,Bldg20AP18,21510,33050,6.0
536,Bldg20AP19,21510,33050,6.0
537,Bldg20AP20,21510,33050,6.0
538,Bldg20AP21,21510,33050,2.0
539,Bldg20AP22,21510,33050,2.0
540,Bldg20AP23,21510,33050,2.0
541,Bldg20AP24,21510,33050,2.0
542,Bldg20AP25,21510,33050,2.0
543,Bldg20AP26,21510,33050,2.0
544,Bldg20AP27,21510,33050,3.0
545,Bldg20AP28,21510,33050,3.0
546,Bldg20AP29,21510,33050,4.0
547,Bldg20AP30,21510,33050,4.0
548,Bldg20AP31,21510,33050,4.0
549,Bldg20AP32,21510,33050,4.0
550,Bldg20AP33,21510,33050,5.0
551,Bldg20AP34,21510,33050,5.0
552,Bldg20AP35,21510,33050,5.0
553,Bldg20AP36,21510,33050,7.0
554,Bldg21AP1,20908,33302,
555,Bldg21AP2,20908,33302,2.0
556,Bldg21AP3,20908,33302,2.0
557,Bldg21AP4,20908,33302,3.0
558,Bldg21AP5,20908,33302,3.0
559,Bldg21AP6,20908,33302,4.0
560,Bldg21AP7,20908,33302,4.0
561,Bldg21AP8,20908,33302,4.0
562,Bldg22AP1,21740,32857,2.0
563,Bldg22AP2,21740,32857,3.0
564,Bldg22AP3,21740,32857,3.0
565,Bldg22AP4,21740,32857,3.0
566,Bldg22AP5,21740,32857,3.0
567,Bldg22AP6,21740,32857,3.0
568,Bldg22AP7,21740,32857,3.0
569,Bldg22AP8,21740,32857,2.0
570,Bldg22AP9,21740,32857,3.0
571,Bldg22AP10,21740,32857,4.0
572,Bldg22AP11,21740,32857,4.0
573,Bldg22AP12,21740,32857,5.0
574,Bldg22AP13,21740,32857,5.0
575,Bldg22AP14,21740,32857,6.0
576,Bldg22AP15,21740,32857,6.0
577,Bldg22AP16,21740,32857,7.0
578,Bldg22AP17,21740,32857,7.0
579,Bldg22AP18,21740,32857,7.0
580,Bldg22AP19,21740,32857,3.0
581,Bldg22AP20,21740,32857,3.0
582,Bldg22AP21,21740,32857,4.0
583,Bldg22AP22,21740,32857,4.0
584,Bldg22AP23,21740,32857,5.0
585,Bldg22AP24,21740,32857,6.0
586,Bldg23AP1,21606,33017,2.0
587,Bldg23AP2,21606,33017,5.0
588,Bldg23AP3,21606,33017,10.0
589,Bldg23AP4,21606,33017,11.0
590,Bldg23AP5,21606,33017,3.0
591,Bldg23AP6,21606,33017,3.0
592,Bldg23AP7,21606,33017,4.0
593,Bldg23AP8,21606,33017,4.0
594,Bldg23AP9,21606,33017,4.0
595,Bldg23AP10,21606,33017,5.0
596,Bldg23AP11,21606,33017,5.0
597,Bldg23AP12,21606,33017,6.0
598,Bldg23AP13,21606,33017,6.0
599,Bldg23AP14,21606,33017,7.0
600,Bldg23AP15,21606,33017,8.0
601,Bldg23AP16,21606,33017,8.0
602,Bldg23AP17,21606,33017,9.0
603,Bldg23AP18,21606,33017,
604,Bldg23AP19,21606,33017,10.0
605,Bldg23AP20,21606,33017,10.0
606,Bldg23AP21,21606,33017,11.0
607,Bldg23AP22,21606,33017,11.0
608,Bldg23AP23,21606,33017,2.0
609,Bldg23AP24,21606,33017,2.0
610,Bldg23AP25,21606,33017,2.0
611,Bldg23AP26,21606,33017,3.0
612,Bldg23AP27,21606,33017,3.0
613,Bldg23AP28,21606,33017,4.0
614,Bldg23AP29,21606,33017,4.0
615,Bldg23AP30,21606,33017,4.0
616,Bldg23AP31,21606,33017,4.0
617,Bldg23AP32,21606,33017,4.0
618,Bldg23AP33,21606,33017,5.0
619,Bldg23AP34,21606,33017,5.0
620,Bldg23AP35,21606,33017,5.0
621,Bldg23AP36,21606,33017,5.0
622,Bldg23AP37,21606,33017,6.0
623,Bldg23AP38,21606,33017,6.0
624,Bldg23AP39,21606,33017,6.0
625,Bldg23AP40,21606,33017,7.0
626,Bldg23AP41,21606,33017,7.0
627,Bldg23AP42,21606,33017,8.0
628,Bldg23AP43,21606,33017,8.0
629,Bldg23AP44,21606,33017,9.0
630,Bldg23AP45,21606,33017,9.0
631,Bldg23AP46,21606,33017,9.0
632,Bldg24AP1,20908,33337,2.0
633,Bldg24AP2,20908,33337,2.0
634,Bldg24AP3,20908,33337,3.0
635,Bldg24AP4,20908,33337,2.0
636,Bldg24AP5,20908,33337,3.0
637,Bldg24AP6,20908,33337,3.0
638,Bldg25AP1,21408,33024,2.0
639,Bldg25AP2,21408,33024,2.0
640,Bldg25AP3,21408,33024,2.0
641,Bldg25AP4,21408,33024,3.0
642,Bldg25AP5,21408,33024,3.0
643,Bldg25AP6,21408,33024,4.0
644,Bldg25AP7,21408,33024,4.0
645,Bldg25AP8,21408,33024,6.0
646,Bldg25AP9,21408,33024,7.0
647,Bldg25AP10,21408,33024,2.0
648,Bldg25AP11,21408,33024,2.0
649,Bldg25AP12,21408,33024,2.0
650,Bldg25AP13,21408,33024,3.0
651,Bldg25AP14,21408,33024,3.0
652,Bldg25AP15,21408,33024,5.0
653,Bldg25AP16,21408,33024,7.0
654,Bldg25AP17,21408,33024,7.0
655,Bldg25AP18,21408,33024,2.0
656,Bldg25AP19,21408,33024,3.0
657,Bldg25AP20,21408,33024,5.0
658,Bldg25AP21,21408,33024,7.0
659,Bldg25AP22,21408,33024,8.0
660,Bldg25AP23,21408,33024,4.0
661,Bldg25AP24,21408,33024,
662,Bldg26AP1,21399,33054,5.0
663,Bldg26AP2,21399,33054,4.0
664,Bldg26AP3,21399,33054,2.0
665,Bldg26AP4,21399,33054,3.0
666,Bldg26AP5,21399,33054,3.0
667,Bldg26AP6,21399,33054,3.0
668,Bldg26AP7,21399,33054,3.0
669,Bldg26AP8,21399,33054,3.0
670,Bldg26AP9,21399,33054,4.0
671,Bldg26AP10,21399,33054,5.0
672,Bldg26AP11,21399,33054,6.0
673,Bldg26AP12,21399,33054,7.0
674,Bldg26AP13,21399,33054,6.0
675,Bldg26AP14,21399,33054,4.0
676,Bldg26AP15,21399,33054,2.0
677,Bldg26AP16,21399,33054,2.0
678,Bldg26AP17,21399,33054,2.0
679,Bldg26AP18,21399,33054,3.0
680,Bldg26AP19,21399,33054,3.0
681,Bldg26AP20,21399,33054,3.0
682,Bldg26AP21,21399,33054,5.0
683,Bldg26AP22,21399,33054,6.0
684,Bldg26AP23,21399,33054,1.0
685,Bldg26AP24,21399,33054,1.0
686,Bldg26AP25,21399,33054,2.0
687,Bldg26AP26,21399,33054,2.0
688,Bldg26AP27,21399,33054,2.0
689,Bldg26AP28,21399,33054,3.0
690,Bldg26AP29,21399,33054,3.0
691,Bldg26AP30,21399,33054,2.0
692,Bldg26AP31,21399,33054,
693,Bldg26AP32,21399,33054,
694,Bldg26AP33,21399,33054,
695,Bldg26AP34,21399,33054,
696,Bldg27AP1,21419,33059,4.0
697,Bldg27AP2,21419,33059,4.0
698,Bldg28AP1,21479,33032,2.0
699,Bldg28AP2,21479,33032,2.0
700,Bldg28AP3,21479,33032,4.0
701,Bldg28AP4,21479,33032,5.0
702,Bldg28AP5,21479,33032,4.0
703,Bldg28AP6,21479,33032,5.0
704,Bldg29AP1,21462,33057,3.0
705,Bldg29AP2,21462,33057,3.0
706,Bldg29AP3,21462,33057,6.0
707,Bldg30AP1,21436,33105,1.0
708,Bldg30AP2,21436,33105,2.0
709,Bldg30AP3,21436,33105,2.0
710,Bldg30_tmp_AP1,21436,33105,
711,Bldg30_tmp_AP2,21436,33105,
712,Bldg30_tmp_AP3,21436,33105,
713,Bldg30_tmp_AP4,21436,33105,
714,Bldg31AP1,21412,33204,2.0
715,Bldg31AP2,21412,33204,1.0
716,Bldg31AP3,21412,33204,1.0
717,Bldg31AP4,21412,33204,1.0
718,Bldg31AP5,21412,33204,2.0
719,Bldg31AP6,21412,33204,2.0
720,Bldg31AP7,21412,33204,3.0
721,Bldg31AP8,21412,33204,0.0
722,Bldg31AP9,21412,33204,2.0
723,Bldg31AP10,21412,33204,2.0
724,Bldg31AP11,21412,33204,2.0
725,Bldg31AP12,21412,33204,2.0
726,Bldg31AP13,21412,33204,2.0
727,Bldg31AP14,21412,33204,2.0
728,Bldg31AP15,21412,33204,3.0
729,Bldg31AP16,21412,33204,3.0
730,Bldg31AP17,21412,33204,3.0
731,Bldg31AP18,21412,33204,3.0
732,Bldg31AP19,21412,33204,3.0
733,Bldg31AP20,21412,33204,3.0
734,Bldg31AP21,21412,33204,3.0
735,Bldg31AP22,21412,33204,3.0
736,Bldg31AP23,21412,33204,3.0
737,Bldg31AP24,21412,33204,3.0
738,Bldg31AP25,21412,33204,4.0
739,Bldg31AP26,21412,33204,4.0
740,Bldg31AP27,21412,33204,4.0
741,Bldg31AP28,21412,33204,4.0
742,Bldg31AP29,21412,33204,4.0
743,Bldg31AP30,21412,33204,4.0
744,Bldg31AP31,21412,33204,4.0
745,Bldg31AP32,21412,33204,4.0
746,Bldg31AP33,21412,33204,4.0
747,Bldg31AP34,21412,33204,
748,Bldg31AP35,21412,33204,1.0
749,Bldg31AP36,21412,33204,
750,Bldg32AP1,21455,33152,
751,Bldg32AP2,21455,33152,
752,Bldg33AP1,21505,33247,0.0
753,Bldg33AP2,21505,33247,0.0
754,Bldg33AP3,21505,33247,0.0
755,Bldg33AP4,21505,33247,0.0
756,Bldg33AP5,21505,33247,0.0
757,Bldg34AP1,21579,33200,
758,Bldg34AP2,21579,33200,4.0
759,Bldg34AP3,21579,33200,3.0
760,Bldg34AP4,21579,33200,1.0
761,Bldg34AP5,21579,33200,1.0
762,Bldg34AP6,21579,33200,1.0
763,Bldg34AP7,21579,33200,3.0
764,Bldg34AP8,21579,33200,3.0
765,Bldg34AP9,21579,33200,4.0
766,Bldg34AP10,21579,33200,4.0
767,Bldg34AP11,21579,33200,4.0
768,Bldg34AP12,21579,33200,2.0
769,Bldg34AP13,21579,33200,3.0
770,Bldg35AP1,21480,33215,1.0
771,Bldg35AP2,21480,33215,1.0
772,Bldg35AP3,21480,33215,0.0
773,Bldg35AP4,21480,33215,2.0
774,Bldg35AP5,21480,33215,1.0
775,Bldg35AP6,21480,33215,0.0
776,Bldg35AP7,21480,33215,0.0
777,Bldg35AP8,21480,33215,2.0
778,Bldg35AP9,21480,33215,2.0
779,Bldg35AP10,21480,33215,3.0
780,Bldg35AP11,21480,33215,3.0
781,Bldg35AP12,21480,33215,3.0
782,Bldg35AP13,21480,33215,4.0
783,Bldg35AP14,21480,33215,4.0
784,Bldg35AP15,21480,33215,4.0
785,Bldg35AP16,21480,33215,1.0
786,Bldg35AP17,21480,33215,2.0
787,Bldg35AP18,21480,33215,2.0
788,Bldg35AP19,21480,33215,2.0
789,Bldg35AP20,21480,33215,3.0
790,Bldg35AP21,21480,33215,3.0
791,Bldg35AP22,21480,33215,3.0
792,Bldg35AP23,21480,33215,3.0
793,Bldg35AP24,21480,33215,3.0
794,Bldg35AP25,21480,33215,3.0
795,Bldg35AP26,21480,33215,0.0
796,Bldg35AP27,21480,33215,0.0
797,Bldg35AP28,21480,33215,1.0
798,Bldg35AP29,21480,33215,1.0
799,Bldg35AP30,21480,33215,1.0
800,Bldg35AP31,21480,33215,1.0
801,Bldg35AP32,21480,33215,1.0
802,Bldg35AP33,21480,33215,1.0
803,Bldg35AP34,21480,33215,1.0
804,Bldg35AP35,21480,33215,1.0
805,Bldg35AP36,21480,33215,0.0
806,Bldg35AP37,21480,33215,0.0
807,Bldg35AP38,21480,33215,0.0
808,Bldg35AP39,21480,33215,1.0
809,Bldg35AP40,21480,33215,1.0
810,Bldg36AP1,21366,33402,2.0
811,Bldg36AP2,21366,33402,2.0
812,Bldg36AP3,21366,33402,4.0
813,Bldg36AP4,21366,33402,4.0
814,Bldg36AP5,21366,33402,5.0
815,Bldg36AP6,21366,33402,4.0
816,Bldg36AP7,21366,33402,4.0
817,Bldg36AP8,21366,33402,3.0
818,Bldg37AP1,21303,33425,2.0
819,Bldg37AP2,21303,33425,2.0
820,Bldg37AP3,21303,33425,2.0
821,Bldg37AP4,21303,33425,2.0
822,Bldg37AP5,21303,33425,2.0
823,Bldg37AP6,21303,33425,2.0
824,Bldg37AP7,21303,33425,2.0
825,Bldg37AP8,21303,33425,2.0
826,Bldg37AP9,21303,33425,2.0
827,Bldg37AP10,21303,33425,3.0
828,Bldg37AP11,21303,33425,3.0
829,Bldg37AP12,21303,33425,4.0
830,Bldg37AP13,21303,33425,4.0
831,Bldg37AP14,21303,33425,4.0
832,Bldg38AP1,21229,33425,
833,Bldg38AP2,21229,33425,2.0
834,Bldg38AP3,21229,33425,3.0
835,Bldg38AP4,21229,33425,2.0
836,Bldg38AP5,21229,33425,2.0
837,Bldg38AP6,21229,33425,5.0
838,Bldg38AP7,21229,33425,5.0
839,Bldg38AP8,21229,33425,4.0
840,Bldg38AP9,21229,33425,4.0
841,Bldg38AP10,21229,33425,4.0
842,Bldg38AP11,21229,33425,3.0
843,Bldg38AP12,21229,33425,2.0
844,Bldg38AP13,21229,33425,2.0
845,Bldg38AP14,21229,33425,2.0
846,Bldg38AP15,21229,33425,3.0
847,Bldg38AP16,21229,33425,3.0
848,Bldg38AP17,21229,33425,3.0
849,Bldg38AP18,21229,33425,2.0
850,Bldg38AP19,21229,33425,2.0
851,Bldg38AP20,21229,33425,3.0
852,Bldg38AP21,21229,33425,3.0
853,Bldg38AP22,21229,33425,2.0
854,Bldg39AP1,21303,33410,1.0
855,Bldg39AP2,21303,33410,2.0
856,Bldg40AP1,21217,33495,3.0
857,Bldg40AP2,21217,33495,3.0
858,Bldg40AP3,21217,33495,4.0
859,Bldg40AP4,21217,33495,4.0
860,Bldg40AP5,21264,33491,2.0
861,Bldg40AP6,21264,33491,2.0
862,Bldg40AP7,21264,33491,3.0
863,Bldg40AP8,21264,33491,3.0
864,Bldg40AP9,21264,33491,4.0
865,Bldg40AP10,21264,33491,4.0
866,Bldg40AP11,21302,33486,2.0
867,Bldg40AP12,21302,33486,2.0
868,Bldg40AP13,21302,33486,3.0
869,Bldg40AP14,21302,33486,4.0
870,Bldg40AP15,21302,33486,4.0
871,Bldg40AP16,21302,33486,1.0
872,Bldg40AP17,21264,33491,1.0
873,Bldg41AP1,20744,33415,2.0
874,Bldg41AP2,20744,33415,2.0
875,Bldg41AP3,20744,33415,3.0
876,Bldg41AP4,20744,33415,2.0
877,Bldg42AP1,20995,33297,2.0
878,Bldg43AP1,21808,32346,
879,Bldg43AP2,21808,32346,
880,Bldg43AP3,21808,32346,
881,Bldg43AP4,21808,32346,
882,Bldg43AP5,21808,32346,
883,Bldg43AP6,21808,32346,
884,Bldg44AP1,14703,39123,2.0
885,Bldg44AP2,14703,39123,2.0
886,Bldg44AP3,14703,39123,2.0
887,Bldg44AP4,14703,39123,2.0
888,Bldg44AP5,14703,39123,2.0
889,Bldg44AP6,14703,39123,2.0
890,Bldg44AP7,14703,39123,3.0
891,Bldg44AP8,14703,39123,4.0
892,Bldg44AP9,14703,39123,3.0
893,Bldg44AP10,14703,39123,3.0
894,Bldg44AP11,14703,39123,3.0
895,Bldg44AP12,14703,39123,4.0
896,Bldg44AP13,14703,39123,4.0
897,Bldg44AP14,14703,39123,4.0
898,Bldg44AP15,14703,39123,4.0
899,Bldg44AP16,14703,39123,4.0
900,Bldg44AP17,14703,39123,1.0
901,Bldg44AP18,14703,39123,2.0
902,Bldg44AP19,14703,39123,2.0
903,Bldg44AP20,14703,39123,2.0
904,Bldg44AP21,14703,39123,2.0
905,Bldg44AP22,14703,39123,3.0
906,Bldg44AP23,14703,39123,3.0
907,Bldg44AP24,14703,39123,3.0
908,Bldg44AP25,14703,39123,3.0
909,Bldg44AP26,14703,39123,3.0
910,Bldg44AP27,14703,39123,3.0
911,Bldg44AP28,14703,39123,4.0
912,Bldg44AP29,14703,39123,4.0
913,Bldg44AP30,14703,39123,4.0
914,Bldg44AP31,14703,39123,4.0
915,Bldg44AP32,14703,39123,3.0
916,Bldg44AP33,14703,39123,4.0
917,Bldg44AP34,14703,39123,4.0
918,Bldg44AP35,14703,39123,4.0
919,Bldg44AP36,14703,39123,4.0
920,Bldg44AP37,14703,39123,4.0
921,Bldg44AP38,14703,39123,2.0
922,Bldg44AP39,14703,39123,2.0
923,Bldg44AP40,14703,39123,4.0
924,Bldg44AP41,14703,39123,4.0
925,Bldg44AP42,14703,39123,4.0
926,Bldg44AP43,14703,39123,4.0
927,Bldg44AP44,14703,39123,3.0
928,Bldg44AP45,14703,39123,3.0
929,Bldg44AP46,14703,39123,3.0
930,Bldg44AP47,14703,39123,4.0
931,Bldg44AP48,14703,39123,4.0
932,Bldg44AP49,14703,39123,4.0
933,Bldg44AP50,14703,39123,3.0
934,Bldg44AP51,14703,39123,3.0
935,Bldg44AP52,14703,39123,3.0
936,Bldg44AP53,14703,39123,2.0
937,Bldg44AP54,14703,39123,2.0
938,Bldg44AP55,14703,39123,2.0
939,Bldg44AP56,14703,39123,2.0
940,Bldg44AP57,14703,39123,2.0
941,Bldg44AP58,14703,39123,3.0
942,Bldg44AP59,14703,39123,3.0
943,Bldg44AP60,14703,39123,3.0
944,Bldg44AP61,14703,39123,4.0
945,Bldg44AP62,14703,39123,3.0
946,Bldg44AP63,14703,39123,3.0
947,Bldg44AP64,14703,39123,3.0
948,Bldg44AP65,14703,39123,2.0
949,Bldg44AP66,14703,39123,2.0
950,Bldg44AP67,14703,39123,2.0
951,Bldg44AP68,14703,39123,2.0
952,Bldg44AP69,14703,39123,2.0
953,Bldg44AP70,14703,39123,2.0
954,Bldg44AP71,14703,39123,2.0
955,Bldg44AP72,14703,39123,2.0
956,Bldg44AP73,14703,39123,2.0
957,Bldg44AP74,14703,39123,3.0
958,Bldg44AP75,14703,39123,3.0
959,Bldg44AP76,14703,39123,3.0
960,Bldg44AP77,14703,39123,3.0
961,Bldg44AP78,14703,39123,3.0
962,Bldg44AP79,14703,39123,3.0
963,Bldg44AP80,14703,39123,4.0
964,Bldg44AP81,14703,39123,1.0
965,Bldg44AP82,14703,39123,2.0
966,Bldg44AP83,14703,39123,2.0
967,Bldg44AP84,14703,39123,2.0
968,Bldg44AP85,14703,39123,2.0
969,Bldg45AP1,3981,15119,
970,Bldg45AP2,3981,15119,
971,Bldg45AP3,3981,15119,
972,Bldg45AP4,3981,15119,
973,Bldg45AP5,3981,15119,
974,Bldg45AP6,3981,15119,
975,Bldg45AP7,3981,15119,
976,Bldg45AP8,3981,15119,
977,Bldg45AP9,3981,15119,
978,Bldg45AP10,3981,15119,
979,Bldg45AP11,3981,15119,2.0
980,Bldg45AP12,3981,15119,
981,Bldg45AP13,3981,15119,2.0
982,Bldg45AP14,3981,15119,
983,Bldg45AP15,3981,15119,
984,Bldg45AP16,3981,15119,
985,Bldg45AP17,3981,15119,
986,Bldg45AP18,3981,15119,
987,Bldg45AP19,3981,15119,
988,Bldg45AP20,3981,15119,
989,Bldg45AP21,3981,15119,
990,Bldg45AP22,3981,15119,
991,Bldg45AP23,3981,15119,
992,Bldg45AP24,3981,15119,
993,Bldg45AP25,3981,15119,
994,Bldg45AP26,3981,15119,
995,Bldg45AP27,3981,15119,
996,Bldg45AP28,3981,15119,
997,Bldg45AP29,3981,15119,
998,Bldg45AP30,3981,15119,
999,Bldg45AP31,3981,15119,
1000,Bldg45AP32,3981,15119,
1001,Bldg45AP33,3981,15119,
1002,Bldg45AP34,3981,15119,
1003,Bldg45AP35,3981,15119,
1004,Bldg45AP36,3981,15119,
1005,Bldg45AP37,3981,15119,3.0
1006,Bldg46AP1,25242,12247,2.0
1007,Bldg46AP2,25242,12247,3.0
1008,Bldg46AP3,25242,12247,3.0
1009,Bldg46AP4,25242,12247,3.0
1010,Bldg46AP5,25242,12247,3.0
1011,Bldg46AP6,25242,12247,5.0
1012,Bldg46AP7,25242,12247,5.0
1013,Bldg46AP8,25242,12247,6.0
1014,Bldg46AP9,25242,12247,6.0
1015,Bldg46AP10,25242,12247,6.0
1016,Bldg46AP11,25242,12247,7.0
1017,Bldg46AP12,25242,12247,7.0
1018,Bldg46AP13,25242,12247,3.0
1019,Bldg46AP14,25242,12247,4.0
1020,Bldg46AP15,25242,12247,4.0
1021,Bldg46AP16,25242,12247,5.0
1022,Bldg46AP17,25242,12247,5.0
1023,Bldg46AP18,25242,12247,5.0
1024,Bldg46AP19,25242,12247,6.0
1025,Bldg46AP20,25242,12247,6.0
1026,Bldg46AP21,25242,12247,6.0
1027,Bldg46AP22,25242,12247,7.0
1028,Bldg46AP23,25242,12247,7.0
1029,Bldg47AP1,14093,18419,2.0
1030,Bldg47AP2,14093,18419,3.0
1031,Bldg47AP3,14093,18419,3.0
1032,Bldg47AP4,14093,18419,3.0
1033,Bldg47AP5,14093,18419,4.0
1034,Bldg47AP6,14093,18419,4.0
1035,Bldg47AP7,14093,18419,4.0
1036,Bldg47AP8,14093,18419,5.0
1037,Bldg47AP9,14093,18419,6.0
1038,Bldg47AP10,14093,18419,4.0
1039,Bldg47AP11,14093,18419,2.0
1040,Bldg47AP12,14093,18419,2.0
1041,Bldg47AP13,14093,18419,2.0
1042,Bldg47AP14,14093,18419,2.0
1043,Bldg47AP15,14093,18419,2.0
1044,Bldg47AP16,14093,18419,3.0
1045,Bldg47AP17,14093,18419,4.0
1046,Bldg47AP18,14093,18419,5.0
1047,Bldg47AP19,14093,18419,5.0
1048,Bldg47AP20,14093,18419,6.0
1049,Bldg47AP21,14093,18419,6.0
1050,Bldg47AP22,14093,18419,6.0
1051,Bldg48AP1,14356,39196,4.0
1052,Bldg48AP2,14356,39196,4.0
1053,Bldg48AP3,14356,39196,5.0
1054,Bldg48AP4,14356,39196,5.0
1055,Bldg48AP5,14356,39196,6.0
1056,Bldg48AP6,14356,39196,7.0
1057,Bldg48AP7,14356,39196,7.0
1058,Bldg48AP8,14356,39196,7.0
1059,Bldg48AP9,14356,39196,7.0
1060,Bldg48AP10,14356,39196,7.0
1061,Bldg48AP11,14356,39196,8.0
1062,Bldg48AP12,14356,39196,8.0
1063,Bldg48AP13,14356,39196,8.0
1064,Bldg48AP14,14356,39196,8.0
1065,Bldg48AP15,14356,39196,8.0
1066,Bldg48AP16,14356,39196,8.0
1067,Bldg48AP17,14356,39196,8.0
1068,Bldg48AP18,14356,39196,8.0
1069,Bldg48AP19,14356,39196,8.0
1070,Bldg48AP20,14356,39196,8.0
1071,Bldg48AP21,14356,39196,3.0
1072,Bldg48AP22,14356,39196,3.0
1073,Bldg48AP23,14356,39196,4.0
1074,Bldg48AP24,14356,39196,4.0
1075,Bldg48AP25,14356,39196,5.0
1076,Bldg48AP26,14356,39196,5.0
1077,Bldg48AP27,14356,39196,5.0
1078,Bldg48AP28,14356,39196,6.0
1079,Bldg48AP29,14356,39196,6.0
1080,Bldg48AP30,14356,39196,6.0
1081,Bldg48AP31,14356,39196,7.0
1082,Bldg48AP32,14356,39196,8.0
1083,Bldg48AP33,14356,39196,8.0
1084,Bldg48AP34,14356,39196,4.0
1085,Bldg48AP35,14356,39196,
1086,Bldg48AP36,14356,39196,
1087,Bldg48AP37,14356,39196,
1088,Bldg48AP38,14356,39196,
1089,Bldg48AP39,14356,39196,
1090,Bldg48AP40,14356,39196,
1091,Bldg48AP41,14356,39196,
1092,Bldg48AP42,14356,39196,
1093,Bldg48AP43,14356,39196,
1094,Bldg48AP44,14356,39196,
1095,Bldg48AP45,14356,39196,
1096,Bldg48AP46,14356,39196,
1097,Bldg48AP47,14356,39196,
1098,Bldg48AP48,14356,39196,
1099,Bldg48AP49,14356,39196,
1100,Bldg48AP50,14356,39196,
1101,Bldg48AP51,14356,39196,
1102,Bldg48AP52,14356,39196,
1103,Bldg48AP53,14356,39196,
1104,Bldg48AP54,14356,39196,
1105,Bldg48AP55,14356,39196,
1106,Bldg48AP56,14356,39196,
1107,Bldg48AP57,14356,39196,
1108,Bldg48AP58,14356,39196,
1109,Bldg48AP59,14356,39196,
1110,Bldg48AP60,14356,39196,
1111,Bldg48AP61,14356,39196,
1112,Bldg48AP62,14356,39196,
1113,Bldg48AP63,14356,39196,
1114,Bldg48AP64,14356,39196,
1115,Bldg48AP65,14356,39196,
1116,Bldg48AP66,14356,39196,
1117,Bldg48AP67,14356,39196,
1118,Bldg48AP68,14356,39196,
1119,Bldg48AP69,14356,39196,
1120,Bldg48AP70,14356,39196,
1121,Bldg48AP71,14356,39196,
1122,Bldg48AP72,14356,39196,
